0,1,2,3,4,5,6,7,8,9,10,11,12,13,14,15,16,17,18,19,20,21,22,23,24,25,26,27,28,29,30,31,32,33,34,35,36,37,38,39,40,41,42,43,44,45,46,47,48,49,50,51,52,53,54,55,56,57,58,59,60,61,62,63,64,65,66,67,68,69,70,71,72,73,74,75,76,77,78,79,80
0.0,0.0,0.0,0.0,0.0,0.0,0.0,0.0,0.0,0.0,0.0,0.0,0.0,0.0,0.0,0.0,0.0,0.0,0.0,0.0,0.0,0.0,0.0,0.0,0.0,0.0,0.0,0.0,0.0,0.0,0.0,0.0,0.0,0.0,0.0,0.0,0.0,0.0,0.0,0.0,0.0,0.0,0.0,0.0,0.0,0.0,0.0,0.0,0.0,0.0,0.0,0.0,0.0,0.0,0.0,0.0,0.0,0.0,0.0,0.0,0.0,0.0,0.0,0.0,0.0,0.0,0.0,0.0,0.0,0.0,0.0,0.0,0.0,0.0,0.0,0.0,0.0,0.0,0.0,0.0,0.0
0.0,0.0,0.0,0.0,0.0,0.0,0.0,0.0,0.0,0.0,0.0,0.0,0.0,0.0,0.0,0.0,0.0,0.0,0.0,0.0,0.0,0.0,0.0,0.0,0.0,0.0,0.0,0.0,0.0,0.0,0.0,0.0,0.0,0.0,0.0,0.0,0.0,0.0,0.0,0.0,0.0,0.0,0.0,0.0,0.0,0.0,0.0,0.0,0.0,0.0,0.0,0.0,0.0,0.0,0.0,0.0,0.0,0.0,0.0,0.0,0.0,0.0,0.0,0.0,0.0,0.0,0.0,0.0,0.0,0.0,0.0,0.0,0.0,0.0,0.0,0.0,0.0,0.0,0.0,0.0,0.0
0.0,0.0,0.0,0.0,0.0,0.0,0.0,0.0,0.0,0.0,0.0,0.0,0.0,0.0,0.0,0.0,0.0,0.0,0.0,0.0,0.0,0.0,0.0,0.0,0.0,0.0,0.0,0.0,0.0,0.0,0.0,0.0,0.0,0.0,0.0,0.0,0.0,0.0,0.0,0.0,0.0,0.0,0.0,0.0,0.0,0.0,0.0,0.0,0.0,0.0,0.0,0.0,0.0,0.0,0.0,0.0,0.0,0.0,0.0,0.0,0.0,0.0,0.0,0.0,0.0,0.0,0.0,0.0,0.0,0.0,0.0,0.0,0.0,0.0,0.0,0.0,0.0,0.0,0.0,0.0,0.0
0.0,0.0,0.0,0.0,0.0,0.0,0.0,0.0,0.0,0.0,0.0,0.0,0.0,0.0,0.0,0.0,0.0,0.0,0.0,0.0,0.0,0.0,0.0,0.0,0.0,0.0,0.0,0.0,0.0,0.0,0.0,0.0,0.0,0.0,0.0,0.0,0.0,0.0,0.0,0.0,0.0,0.0,0.0,0.0,0.0,0.0,0.0,0.0,0.0,0.0,0.0,0.0,0.0,0.0,0.0,0.0,0.0,0.0,0.0,0.0,0.0,0.0,0.0,0.0,0.0,0.0,0.0,0.0,0.0,0.0,0.0,0.0,0.0,0.0,0.0,0.0,0.0,0.0,0.0,0.0,0.0
0.0,0.0,0.0,0.0,0.0,0.0,0.0,0.0,0.0,0.0,0.0,0.0,0.0,0.0,0.0,0.0,0.0,0.0,0.0,0.0,0.0,0.0,0.0,0.0,0.0,0.0,0.0,0.0,0.0,0.0,0.0,0.0,0.0,0.0,0.0,0.0,0.0,0.0,0.0,0.0,0.0,0.0,0.0,0.0,0.0,0.0,0.0,0.0,0.0,0.0,0.0,0.0,0.0,0.0,0.0,0.0,0.0,0.0,0.0,0.0,0.0,0.0,0.0,0.0,0.0,0.0,0.0,0.0,0.0,0.0,0.0,0.0,0.0,0.0,0.0,0.0,0.0,0.0,0.0,0.0,0.0
0.0,0.0,0.0,0.0,0.0,0.0,0.0,0.0,0.0,0.0,0.0,0.0,0.0,0.0,0.0,0.0,0.0,0.0,0.0,0.0,0.0,0.0,0.0,0.0,0.0,0.0,0.0,0.0,0.0,0.0,0.0,0.0,0.0,0.0,0.0,0.0,0.0,0.0,0.0,0.0,0.0,0.0,0.0,0.0,0.0,0.0,0.0,0.0,0.0,0.0,0.0,0.0,0.0,0.0,0.0,0.0,0.0,0.0,0.0,0.0,0.0,0.0,0.0,0.0,0.0,0.0,0.0,0.0,0.0,0.0,0.0,0.0,0.0,0.0,0.0,0.0,0.0,0.0,0.0,0.0,0.0
0.0,0.0,0.0,0.0,0.0,0.0,0.0,0.0,0.0,0.0,0.0,0.0,0.0,0.0,0.0,0.0,0.0,0.0,0.0,0.0,0.0,0.0,0.0,0.0,0.0,0.0,0.0,0.0,0.0,0.0,0.0,0.0,0.0,0.0,0.0,0.0,0.0,0.0,0.0,0.0,0.0,0.0,0.0,0.0,0.0,0.0,0.0,0.0,0.0,0.0,0.0,0.0,0.0,0.0,0.0,0.0,0.0,0.0,0.0,0.0,0.0,0.0,0.0,0.0,0.0,0.0,0.0,0.0,0.0,0.0,0.0,0.0,0.0,0.0,0.0,0.0,0.0,0.0,0.0,0.0,0.0
0.0,0.0,0.0,0.0,0.0,0.0,0.0,0.0,0.0,0.0,0.0,0.0,0.0,0.0,0.0,0.0,0.0,0.0,0.0,0.0,0.0,0.0,0.0,0.0,0.0,0.0,0.0,0.0,0.0,0.0,0.0,0.0,0.0,0.0,0.0,0.0,0.0,0.0,0.0,0.0,0.0,0.0,0.0,0.0,0.0,0.0,0.0,0.0,0.0,0.0,0.0,0.0,0.0,0.0,0.0,0.0,0.0,0.0,0.0,0.0,0.0,0.0,0.0,0.0,0.0,0.0,0.0,0.0,0.0,0.0,0.0,0.0,0.0,0.0,0.0,0.0,0.0,0.0,0.0,0.0,0.0
0.0,0.0,0.0,0.0,0.0,0.0,0.0,0.0,0.0,0.0,0.0,0.0,0.0,0.0,0.0,0.0,0.0,0.0,0.0,0.0,0.0,0.0,0.0,0.0,0.0,0.0,0.0,0.0,0.0,0.0,0.0,0.0,0.0,0.0,0.0,0.0,0.0,0.0,0.0,0.0,0.0,0.0,0.0,0.0,0.0,0.0,0.0,0.0,0.0,0.0,0.0,0.0,0.0,0.0,0.0,0.0,0.0,0.0,0.0,0.0,0.0,0.0,0.0,0.0,0.0,0.0,0.0,0.0,0.0,0.0,0.0,0.0,0.0,0.0,0.0,0.0,0.0,0.0,0.0,0.0,0.0
0.0,0.0,0.0,0.0,0.0,0.0,0.0,0.6827109379566958,0.6994036091886406,0.7531179649438665,0.7853790081058936,0.8067752130148579,0.8173267587228914,0.8214400141366113,0.8226648879321858,0.8100379166510259,0.8035241415788119,0.8139277126472445,0.8059369685624964,0.8025716500540397,0.8018404292888157,0.7951832837390369,0.7909979917020471,0.7882305501239119,0.7920648629021786,0.7970328859835708,0.7958913037585352,0.7896282110801953,0.7708991163137162,0.7713141230924726,0.7702153737158858,0.7890706394873256,0.7958279023863782,0.8025771543251663,0.8045846771600977,0.804651796606171,0.8169537576910004,0.8253910308258781,0.8275238483410534,0.8221746140555306,0.8122633665631683,0.8045737671718914,0.7987572142954419,0.790248200256308,0.7963945954038635,0.7903833424076295,0.7959846852318637,0.7923309734203376,0.7956985475865707,0.8012731582429411,0.8124508099240905,0.8144045217099558,0.8238702190539415,0.8188881459075601,0.7998232500554635,0.7970674489797117,0.8039945877093204,0.8059967925922695,0.8046321695073237,0.7975480658311264,0.7914665132181349,0.7865189531292887,0.7884783296691225,0.7918410320815832,0.7985100570222352,0.7866625686459265,0.7797535846945979,0.7984600260436632,0.7906044361520626,0.7970572544162254,0.8077292074225374,0.8035089523113212,0.8137602198706393,0.8190964990620169,0.8509300469255207,0.0,0.0,0.0,0.0,0.0,0.0
0.0,0.0,0.0,0.0,0.0,0.0,0.0,0.7136748178506005,0.7366995882054935,0.7766553545348591,0.797913372575983,0.8077174244147926,0.8150035188083005,0.8243902704744851,0.8230209172941768,0.8139578910708357,0.8137345167834069,0.8166212528034561,0.8098185988497342,0.8044053887368419,0.8070406331506886,0.8045188794349595,0.7935887384523352,0.7933898742590884,0.7989986360674257,0.8040873307044332,0.7926355277161163,0.7915104522916253,0.7814781695954017,0.786409180861659,0.7869093483672153,0.7912060455997513,0.7898007811839527,0.7964225369770237,0.7977508808286725,0.7986922459064817,0.8086864268187653,0.8135481088289727,0.8191994280221616,0.8116437115259971,0.8101051399478277,0.8043908846624876,0.7999568882709566,0.7926956089067435,0.7982569230935398,0.7984996974771378,0.7992486036542786,0.7965359409540514,0.7996970451721704,0.807739949191205,0.8113189717586345,0.810857222277191,0.8181759231113386,0.8143753739997767,0.8021302252598559,0.7970516826461113,0.8021223699462288,0.8023711687297004,0.800221561166041,0.7965099685493751,0.791781343070975,0.7886656158874765,0.7862784459373232,0.7877666411222204,0.796134791840906,0.7841508176424699,0.7768201130882599,0.7786533301631287,0.7761829101614135,0.7829288660260293,0.7932183890348279,0.7949157744093415,0.8089548142173428,0.8205852713962976,0.8347690173914939,0.0,0.0,0.0,0.0,0.0,0.0
0.0,0.0,0.0,0.0,0.0,0.0,0.0,0.7345032834936555,0.7557930529828961,0.7900889412058212,0.7970367735527877,0.8016873355607724,0.8145206062157322,0.8244025342284519,0.817453350076652,0.8152639804499034,0.813986106085082,0.8125301316342026,0.8140104587503447,0.8048985476634374,0.8026912692982534,0.8028980319819717,0.7956159328824909,0.7951066522685739,0.7965113448908514,0.8001070012980611,0.7942528837510393,0.7920682128912038,0.7865428621629481,0.7884626360922189,0.788416952199605,0.7923828233926414,0.788257069806411,0.7964178661669036,0.7968943638977606,0.7929889920151969,0.7986596903945956,0.8015548832014875,0.8080708308240107,0.8048725371537095,0.8031489479497569,0.8025954364979704,0.7999790938270092,0.7954672766961699,0.7978538153395466,0.8016626408599917,0.7995969572051568,0.7973376531085399,0.7987127628800951,0.811884486690125,0.8169434727109124,0.815540550615858,0.8206747118723533,0.8197292493344076,0.8080615865010796,0.8079129293980827,0.8079935853128137,0.8072231250419764,0.8019385138116542,0.8029572535213141,0.7998357310036712,0.7930068929736126,0.7947643276022283,0.7944121196948468,0.7984430742163502,0.7905019159447695,0.7840530753180313,0.7893657985879099,0.786302669899464,0.7911559788045619,0.7962190718943164,0.7981371383331466,0.8059659029689203,0.8151170744527455,0.8216745870281835,0.0,0.0,0.0,0.0,0.0,0.0
0.0,0.0,0.0,0.0,0.0,0.0,0.0,0.7412318292376056,0.7615760486025073,0.7898396491932316,0.7992743816321733,0.7982505233414381,0.8091704553696285,0.8229062730016373,0.8167023865465529,0.8195478582711545,0.8131031777655946,0.8052762184237632,0.8050313930549645,0.8029970581608918,0.7946291362983126,0.7943653821234287,0.7925429597319626,0.794091074911488,0.7954559372571499,0.7936515392325832,0.7938674666494662,0.7895427904832498,0.7856516716813042,0.7906687558563744,0.7947588779692385,0.7932846220228226,0.7908095458631219,0.7963904896052558,0.7972160771823446,0.7962728190276877,0.798990424569455,0.802945650380898,0.8035536591553587,0.8021853548334849,0.800252677923657,0.8005367624966392,0.7987617595461651,0.7987768405595578,0.8001475040345466,0.8003201161754889,0.7990931517363327,0.803456440372519,0.809408245961847,0.8124212242780383,0.8115458772337257,0.8119634936592951,0.8180202074584013,0.8199832440410643,0.8143739599074669,0.814867119634273,0.8115915075669916,0.8120460116648508,0.8059881140783699,0.8121211141523725,0.803456651630432,0.7961828794330936,0.7952996167687607,0.7992904955331253,0.7980751350520358,0.7950466737591193,0.7909277270471207,0.7900907849559766,0.7929762660900704,0.7972436777322239,0.80171913709491,0.8061105880000088,0.8062035046974011,0.8120777141789822,0.821293690385504,0.0,0.0,0.0,0.0,0.0,0.0
0.0,0.0,0.0,0.0,0.0,0.0,0.0,0.7311899367123993,0.7683791864056242,0.7912972306037488,0.792496411193873,0.8057937051384166,0.8163192541084785,0.8207103726066732,0.8241475924220465,0.8232932832739633,0.8157297668066119,0.8061399941867153,0.7982004205179446,0.8000488954326043,0.8020697814161184,0.7991536714504187,0.7898737171592846,0.79050158368469,0.7936496629045084,0.7928191455158962,0.7961812342928318,0.7918177668215242,0.7850670480548885,0.7921275201018635,0.7919160558828403,0.794057389025939,0.7935841346120444,0.801102185589751,0.8029710335828522,0.7983963487810228,0.8016117105816791,0.8015039971500233,0.8031078785958878,0.7995313030103134,0.7995593464601874,0.8035302614334063,0.8020357330570195,0.7961414727461184,0.8016961732130194,0.8016385601751751,0.8032604939303795,0.8078296515347201,0.8112693065684617,0.8116545586088916,0.8094180641215205,0.8111481854272958,0.8152296805019233,0.8213960600669832,0.8201685407222744,0.8133950944275967,0.8094064642923876,0.8133295973850978,0.8084251539150913,0.8001762462913139,0.8019363600705143,0.7988614554382768,0.7981719879954452,0.7991120820689972,0.7962249599573276,0.7979502116704431,0.7978956272226276,0.7904694189905601,0.7997023144176477,0.8035440758300648,0.80242480635947,0.8011305993558061,0.8061723966069393,0.8135704086390746,0.8175670392628395,0.0,0.0,0.0,0.0,0.0,0.0
0.0,0.0,0.0,0.0,0.0,0.0,0.0,0.7439639974972834,0.7811367294566076,0.7941286951380756,0.7991312046708338,0.8028406943993276,0.8149878811808514,0.8184768710977154,0.8206254477925095,0.8230208296662985,0.8073040506088878,0.8048286242162183,0.8003779485536446,0.8051515986877572,0.8037190972374811,0.7957651004868075,0.786198670545185,0.7860357680547474,0.7975740194086139,0.7914030353640723,0.7965777461814556,0.7898521020344079,0.7914443196083195,0.791315169355678,0.7917385451545642,0.7956736083379887,0.7954144409654457,0.8024307631953409,0.7980370572773776,0.7989101336605693,0.8017127296796183,0.8005540567758086,0.8027264341149444,0.7982062107351091,0.7921400865151244,0.7982562333036383,0.8006305957621568,0.7990588166307745,0.7995859301843347,0.8081292638922652,0.8046886700107795,0.8084833496194604,0.8039127885164203,0.8058523529258697,0.8072540372270673,0.8161757085026072,0.819785575278314,0.8251396204274299,0.8192589884865933,0.8181888943692973,0.811114337309706,0.8088013482009855,0.8071633219432756,0.8022230250922777,0.7923747286774998,0.799573873632431,0.7970858795876611,0.7926865169139927,0.7923543244449742,0.7905178218915357,0.7957154824596162,0.7939410747955701,0.8002327079622586,0.8035067972412835,0.8013215691731795,0.797285600346691,0.7922367965729377,0.7851591015772456,0.7851249163067259,0.0,0.0,0.0,0.0,0.0,0.0
0.0,0.0,0.0,0.0,0.0,0.0,0.0,0.7631960668173843,0.7900837898253428,0.7974444821222274,0.7973613307491086,0.8090657406692117,0.8167953912862915,0.8182188895475349,0.8140656279138967,0.8093306266907728,0.8029455082309134,0.7938793918427144,0.8020435020028202,0.8059574705047189,0.7984557381033324,0.7971303234003534,0.791109054646637,0.785178008858514,0.785048069609171,0.7853525901178924,0.7917501230353201,0.799179571122892,0.7972417591338664,0.795374609801692,0.7978681231041466,0.7982884942459463,0.7976622422717391,0.7971458853895717,0.796076473900205,0.7947235783954617,0.7953510909719027,0.7976744131096954,0.7964573890250481,0.7937671713064174,0.7947897871017152,0.7954378680488916,0.7968076861114082,0.7953485876643255,0.7978606662637275,0.8043924502420063,0.8068084138409446,0.8112937621531346,0.8089588764719816,0.8151615035869895,0.8142253250885259,0.8171972124717728,0.8219759723207042,0.8274409231935375,0.8307121917249587,0.8222276494360428,0.8171550465559478,0.8169594679738398,0.8190079116647225,0.8087769219470442,0.8031748011327428,0.7926471458013173,0.7998481258480269,0.7999543130039595,0.7935009954041169,0.7925212569578931,0.7983892411775184,0.8012860335235638,0.8101393429385308,0.8096841785009407,0.7894191983251545,0.7936386019474896,0.7918036201015904,0.7809350734419624,0.7731922100239136,0.0,0.0,0.0,0.0,0.0,0.0
0.0,0.0,0.0,0.0,0.0,0.0,0.0,0.7639605475417894,0.7926934344675565,0.7926352548505444,0.786915847444292,0.7954272216462684,0.8058685991250754,0.8059894823780838,0.8042117066803803,0.8097085675256452,0.8058313916794226,0.8056744625481354,0.8044895268698983,0.8122874423844562,0.8023433700853317,0.7909099997302251,0.7833231079471855,0.7792571706362245,0.7824097177156923,0.7865514740219316,0.788270382656053,0.7958888055261558,0.7941592423713465,0.7947231594632871,0.800546624127147,0.7981416026070739,0.8012076123558697,0.8016523469140086,0.7986425075555218,0.7969467692067862,0.7931829892659548,0.7971664152919158,0.7945415993155474,0.7904490586520497,0.7964854621514746,0.7955054949335899,0.7890128254289482,0.7850726163708365,0.7941411790100017,0.8071450105951384,0.8076512919571925,0.8068073037246626,0.8116503750876093,0.8159996364403584,0.818755262898722,0.8191246156228333,0.8196946310257602,0.8222195910179716,0.8251440912003949,0.8302534916114824,0.8255874404308355,0.823028807954039,0.8237071370992437,0.8147794412349544,0.8098871855916496,0.810123357907359,0.8069811010603316,0.7983004589400373,0.8002045979694563,0.804569522061367,0.8078586827317058,0.8073703361800508,0.8116066839118458,0.8075289443729949,0.8060155070885151,0.7968061061594021,0.7869593100997804,0.7769414898573058,0.7539045445741303,0.0,0.0,0.0,0.0,0.0,0.0
0.0,0.0,0.0,0.0,0.0,0.0,0.0,0.774846463613628,0.7877208759761893,0.7923026555331968,0.7912546469865549,0.7961000413184932,0.8019511074286974,0.8005922904511652,0.8011187858407716,0.8011925261038477,0.8012951785546834,0.8046003658027691,0.8148488171434377,0.8105907326574692,0.8012543104227361,0.7924845097405324,0.7916247171713086,0.7845551423478665,0.7857683537614563,0.782090867351638,0.7891858381955844,0.7925629395298684,0.797988349133959,0.7992081222786815,0.8027981605126081,0.8060338212535877,0.8021073843513713,0.8054356644420129,0.8007743076229737,0.800171887902541,0.7959850660240853,0.7974188307951174,0.7965058821064422,0.789878942110999,0.7867669106321222,0.7898859975631551,0.7899783043112082,0.7882949179045826,0.7961292190466076,0.806188505748909,0.8073939174963586,0.814487833466267,0.8122808059852136,0.8162216634239343,0.8135155136450922,0.8148235691064123,0.8174981129038722,0.8221200992412651,0.8323847699600107,0.8321081537835654,0.8302294157899733,0.8214455012937918,0.8230547235169537,0.8137204408095517,0.8088566182357928,0.8048380169698818,0.8023541388044801,0.80425424078221,0.8100133922300882,0.8186681163984861,0.8209180410884436,0.8136970927866108,0.8068016834286487,0.8054163770130526,0.8022409374319773,0.7902553679002782,0.7751197178561821,0.7526375927191437,0.7257101767159871,0.0,0.0,0.0,0.0,0.0,0.0
0.0,0.0,0.0,0.0,0.0,0.0,0.0,0.7701997835558883,0.7770319633161663,0.7881552295644622,0.7928042321786939,0.7934426645782628,0.7928161612836085,0.7997517197020595,0.8058216953984266,0.8049142783101981,0.8086659796459492,0.8092542457532177,0.81015575337483,0.8118897925296438,0.8040800504679386,0.7967726223721653,0.7944866547960302,0.7873704928953309,0.7838289293783955,0.7901343696589118,0.7949761942233182,0.7942312867274746,0.7957554883062775,0.7944542098983849,0.8021395321466398,0.8027656231437686,0.801623924395842,0.8024978158436752,0.8021924387346185,0.797192328201648,0.7961477702285863,0.8012483110814588,0.7995711360874247,0.7943823008421007,0.7893625729548566,0.7942293588427854,0.7950228535263725,0.7978193631832491,0.7927968518771291,0.8012497753472865,0.8074945227249876,0.8127401899469844,0.8177635411369153,0.8156575881079782,0.8157205541635476,0.8152863442810517,0.8175846892472901,0.8277076582211573,0.8312867701560552,0.8349383460137796,0.8262700616880818,0.8208066317685253,0.8222385264389287,0.8200965978199214,0.8149964709648504,0.8058181564593864,0.7963147600036072,0.792790193409614,0.8055350185671462,0.8155748492295908,0.8236439688245434,0.815146280107738,0.8098383806569761,0.8071925984267654,0.8033334883362134,0.7861283668974639,0.788202904172935,0.7728313676506121,0.7563419003638358,0.0,0.0,0.0,0.0,0.0,0.0
0.0,0.0,0.0,0.0,0.0,0.0,0.0,0.7907203884744347,0.7855041614797893,0.7904741194315558,0.7862862239142064,0.7865562936706317,0.786393478222485,0.7988486614068016,0.8016936488217862,0.8107093729039646,0.8039579766179875,0.8091239161997293,0.8114362229801275,0.8085254337009679,0.8007718170594795,0.803362332322956,0.7953754087789117,0.7926625293821782,0.7917797318172698,0.8000625671584309,0.7989446331257695,0.798506554117423,0.7933614210989262,0.7948454583953994,0.8006214362284387,0.8005476411811775,0.797989982242162,0.802392411309766,0.8051253116291411,0.8019427031112056,0.7909190701515055,0.7928945626901233,0.7979797368422551,0.7923423902079981,0.7952307548366451,0.7989869119931106,0.8058338498499296,0.8016561022049512,0.7970384973676422,0.8028254112371775,0.8099183699291654,0.8188754862618473,0.815852632528381,0.8164789824039156,0.8175596263270142,0.8183951759160538,0.8257172563543178,0.8256061507936837,0.8231550098635689,0.8274321887810774,0.8247728897978944,0.8175553487442222,0.8181418608814234,0.819704387347268,0.8153789723577923,0.8052193706758958,0.797027277854039,0.7974741396605389,0.7959684543989439,0.8059270740299207,0.8192788271380356,0.8161488392683931,0.8126288737336634,0.8080404027144721,0.800883226088763,0.8005092470678681,0.7915239971347654,0.7783645835123807,0.7701629713509459,0.0,0.0,0.0,0.0,0.0,0.0
0.0,0.0,0.0,0.0,0.0,0.0,0.0,0.7930954208518296,0.7893207282532873,0.791676882342803,0.789914643179841,0.7846899382079066,0.7886729733958312,0.7946837695404242,0.8040775339839928,0.8094004799730661,0.8124571827261892,0.8105198839904889,0.8087082255897523,0.8101238204049761,0.8069827049574383,0.8118758197341628,0.8130714434645744,0.8091729510981384,0.7977950833536793,0.8073344360755789,0.8026959984891162,0.8030734344045307,0.8014153923994661,0.8006286794819975,0.7989855936983904,0.7975610887365369,0.8005132234265451,0.8047641773762134,0.810348051105472,0.7998911861923823,0.7918531111860146,0.789072312327381,0.7879207282388702,0.793003046835157,0.7942620025142418,0.7923835187356018,0.8036293090260559,0.7991408664743277,0.8006585052860699,0.8047532355992301,0.8074509146299161,0.8134769573963021,0.8205353088910959,0.8197894475489056,0.817121569250196,0.8184174911302708,0.8149234799420922,0.8152230914017689,0.8256936675606343,0.8250698463729095,0.8186546608899139,0.8120978899884773,0.8155921553085907,0.8102440510469603,0.8075348728274669,0.8023707255407944,0.7978573710749997,0.8031920911103261,0.7973962247916518,0.8041860080025145,0.8141752229765814,0.8160580963285462,0.8135362433483878,0.8025569531000767,0.7974185099222434,0.7974220353114185,0.7908577893086539,0.7807513780407732,0.7668920930592819,0.0,0.0,0.0,0.0,0.0,0.0
0.0,0.0,0.0,0.0,0.0,0.0,0.0,0.7900974924547505,0.8009088267570132,0.8001208942253633,0.7989826877524017,0.7946219888886494,0.7931970009459359,0.7986606599326389,0.8118108262659406,0.8132398657874941,0.8162258499469197,0.8195430029281986,0.8110978312865943,0.8051708190772554,0.8071120110778353,0.8196333364504381,0.8225274915305503,0.8202676105714564,0.8076344963477605,0.8116711605746828,0.8004211710578641,0.8027233655562428,0.8044285266201865,0.8013705866360201,0.7953015756498549,0.799408423484243,0.7957584229750287,0.8063154861653988,0.813231234219724,0.8026443359122222,0.7948771199956075,0.7827575184935917,0.7840413561090434,0.7891078502128948,0.7903010165909738,0.7870018072100662,0.7957150318023275,0.797172363923662,0.7994755076511019,0.8035984191663144,0.809609629404815,0.8127932985107365,0.8225258547920709,0.8172180758364042,0.8122295742329053,0.8130248756824149,0.8125404337429962,0.8198800428482231,0.8234502257717871,0.8217230738843314,0.8226607519241196,0.8079063872069825,0.8093495245856521,0.8112259435769401,0.8073682299347695,0.8048703989284652,0.7980263491213868,0.7971691898151579,0.8090074299470645,0.8126877857866851,0.8236734467705075,0.8238677933221857,0.817846648391746,0.8135362059280171,0.8024451161502112,0.7922755614369948,0.7868370938380995,0.7796471454180891,0.7734084453601882,0.0,0.0,0.0,0.0,0.0,0.0
0.0,0.0,0.0,0.0,0.0,0.0,0.0,0.8091769568807734,0.8061017438144727,0.8072914773587121,0.7979254206520873,0.7907196150856337,0.7886715163105459,0.8011047602214662,0.8014387103084144,0.804055560481446,0.8120652177610861,0.8118439665245639,0.8140506021490195,0.8145249366524964,0.8177347125879634,0.8188087158277086,0.8216589340541863,0.8205544801152077,0.808112577029499,0.8055957483667636,0.8064670281069911,0.8094708782667692,0.8091053640122685,0.8035537379433791,0.7971079455966557,0.796830399115667,0.7992242843487722,0.8029766140629903,0.8080559009457176,0.8052636652343156,0.7945103645434428,0.7848400122168157,0.780373595969731,0.7860506059456529,0.7924749542235345,0.7935252319102907,0.7983716294640152,0.800381257368974,0.8080433453989168,0.8130440671084054,0.8112517701006207,0.8119907260539179,0.8128033214376763,0.8129771188215905,0.8133810000789617,0.8104466120646526,0.8132460556888933,0.8162887395396399,0.8202082286523878,0.8236233616052023,0.814689413350053,0.812383657467798,0.8019625110363116,0.8059058013627216,0.8102963002367225,0.8088608836980182,0.8044261734547451,0.8100312433414845,0.8086420074491721,0.8192315765447339,0.8181137518627983,0.8249189724706993,0.8207787549794622,0.8072348859770364,0.8095006478877702,0.7944570356083985,0.7835042654468092,0.7721151794673345,0.7624802342665373,0.0,0.0,0.0,0.0,0.0,0.0
0.0,0.0,0.0,0.0,0.0,0.0,0.0,0.8077307318770823,0.8029297650204945,0.7980187560831967,0.7971792595677261,0.7911207559339651,0.7919294597606769,0.7986735313668248,0.8075136788777806,0.8016655730385663,0.8036084264755463,0.8052053680475725,0.81101584507382,0.8173004016364562,0.8248899416335225,0.8209861686332472,0.8221571513777081,0.8204050931409842,0.8096604276419203,0.8074662590515898,0.8075686576534574,0.8053823500129224,0.8046473119510903,0.7974409827512047,0.7850211877131713,0.7962227266607951,0.7928838957938319,0.8042799458293931,0.8031174397538642,0.8029978047864698,0.8042346526957673,0.7954557645301363,0.790288218934111,0.7918193963047762,0.7904380542818178,0.7935280865631512,0.7928184830041103,0.8037422952558856,0.8116324415716173,0.8164134927812787,0.8195468806867304,0.8188059666390227,0.8202655092877165,0.8223369734680669,0.8203887335452834,0.812785315746056,0.8077695936968721,0.8116308424683546,0.816750802202576,0.817345578336593,0.8114588156747533,0.809456564452206,0.8065438367552221,0.8097814744590954,0.8076354737293535,0.8095056222342436,0.8136344901305741,0.8115180402998411,0.8169447292206273,0.820127228725679,0.826578697767662,0.8242867364942508,0.8170202910372818,0.820721508345166,0.8073301502318881,0.8026714111052282,0.7852382678252326,0.7777495537776554,0.7676487347881967,0.0,0.0,0.0,0.0,0.0,0.0
0.0,0.0,0.0,0.0,0.0,0.0,0.0,0.7985583189788363,0.8017097050489395,0.8000143857711697,0.8001158551159148,0.8009239404568729,0.7994818704473797,0.7969708974286498,0.8088881580753011,0.8120994892531188,0.8121543755344407,0.8165794985461841,0.8200433610248388,0.818865993812187,0.8260970868592404,0.8229769795014014,0.8196743967825283,0.8137499814905472,0.814206856259724,0.8054735289168012,0.7982497666033855,0.8001579295604193,0.8059401602360783,0.802159202239258,0.7905995517225285,0.790299896926822,0.7930174335402097,0.8024642668896038,0.7973629965896988,0.8016335893160054,0.808559844953059,0.8048815540639358,0.7989633489601835,0.7975611062914914,0.7951795929708835,0.7953903414896585,0.7958225488035169,0.802813552873819,0.8155855066246066,0.8141758597660418,0.8167200151767608,0.8169844129079087,0.8162233503928532,0.8128867290628832,0.811893419102806,0.8062143178172233,0.8068266992230265,0.8050232988556398,0.8102036732647818,0.8143674061035842,0.8078200300043656,0.8094370293582389,0.8078076823508087,0.8041616500123968,0.8034764347819418,0.8098009558078314,0.8132785873225741,0.8145385957035731,0.8209114548206665,0.8195484639370805,0.8210498449242233,0.8196447959355121,0.8183034079183467,0.8205350446441578,0.8160690246281744,0.8066574841368476,0.802768882980599,0.7870662409929626,0.7910911915624887,0.0,0.0,0.0,0.0,0.0,0.0
0.0,0.0,0.0,0.0,0.0,0.0,0.0,0.8141718324323353,0.8016318779348814,0.7993280092613622,0.7999573512616528,0.8053490645178911,0.8046638465131684,0.804390390689632,0.8144959019343422,0.8108296415999392,0.812654579754572,0.8185691343728163,0.8219075213889108,0.827968796462446,0.8307805443586569,0.8248961706911679,0.821184733841715,0.8147740650979647,0.8129552804420977,0.8067004007701029,0.7990978821681317,0.8002581155264988,0.8017821525934504,0.7985090765780192,0.7966589251292552,0.7965819910700503,0.7927102206310613,0.7966438013732032,0.8060613589966666,0.810121308669276,0.809833413444881,0.8051618076199584,0.8055658702719175,0.8029946811669378,0.7997084561687845,0.798147660092881,0.7979215870211972,0.8068002796768704,0.8156879782791743,0.8179066956153671,0.8202081581785862,0.8211577347186851,0.8143091278413576,0.8170327856869475,0.8101049762222782,0.8042402056942956,0.8013482291614811,0.8028426624625884,0.8045363447780836,0.8078948634949834,0.8089039712915129,0.808353225127025,0.8066890861653248,0.8077593371547892,0.8052091736834752,0.8026979212775045,0.8129637822882464,0.8220082713435043,0.8223349164264612,0.8219345288944788,0.8237581096593978,0.8213135280701623,0.8204630296079768,0.8138222613540631,0.8142810985175414,0.8084070956834039,0.7952498412676361,0.7882932481326982,0.7884354571573007,0.0,0.0,0.0,0.0,0.0,0.0
0.0,0.0,0.0,0.0,0.0,0.0,0.0,0.8106987916588921,0.8126995782244514,0.8091135355064265,0.8091494193554396,0.8072001915713473,0.8104950283813125,0.812063255568376,0.8108420203876505,0.8092852133229718,0.8172067963802989,0.8304264815374528,0.8285665875267367,0.8318551748021005,0.8315283334000807,0.8223653753415919,0.8147840590442859,0.8179112874041651,0.8126825489501083,0.805163170389388,0.8026121618381327,0.8001206082363559,0.8063865226838769,0.8022306237726029,0.8003033265153925,0.7926072848449847,0.789426737643146,0.7957658751033023,0.8040957304042569,0.8156509797825543,0.815326178806118,0.811638534240072,0.8096217559569056,0.8112077784767847,0.8057230312255381,0.8025989181033975,0.7987012379121577,0.8030175128170026,0.80836065546014,0.8090850555419629,0.8176632421863406,0.8140679125544311,0.8091698470595915,0.8083281273433834,0.8092737297073697,0.8101054405217912,0.8068060370530203,0.8039839671961075,0.8037687945803348,0.8034278019767522,0.8050732649200893,0.8101445337937629,0.8093766900614249,0.8072071551837715,0.8036718517777202,0.8047036107449587,0.8132351499490932,0.820687737776744,0.8206027180035077,0.8234729035045614,0.8172677673194766,0.8128361607931587,0.8162173318337279,0.8131634452374075,0.8135660376496305,0.8077714238814021,0.8063763349437088,0.8021215998185801,0.7952153904572555,0.0,0.0,0.0,0.0,0.0,0.0
0.0,0.0,0.0,0.0,0.0,0.0,0.0,0.8200194395170162,0.8241719231120376,0.8188634792143251,0.8160031243907689,0.8120867121208238,0.8178820811356606,0.8155947359603948,0.8129967331137035,0.8125182254380328,0.8261783395917086,0.8308736722173008,0.8329428412545716,0.8267691676004285,0.8263492987444704,0.8196743630081456,0.8176496612879663,0.8150623431859884,0.8121599710279129,0.8088305922570425,0.8037581818144998,0.800221349360792,0.7978376604898045,0.7957922318912122,0.7988476791965355,0.7956099887579249,0.8040584210247433,0.8080945704920308,0.808162167487123,0.8124059454081907,0.8092194945822356,0.8073896513954611,0.8131386713271178,0.8107940255206925,0.7993480293741885,0.8035957709726582,0.8070030809555961,0.8094910035361542,0.804262388205041,0.8068196194716751,0.8094298422510305,0.8115998194922318,0.8079707789650392,0.8094905687480339,0.810132923767498,0.8119978160719097,0.8063127420940123,0.8039975597647265,0.8025467370756949,0.8058523184207552,0.8082960888743476,0.8123914595101623,0.8101116117157986,0.809995741267631,0.8096526697626126,0.8031135608760865,0.8060912003732353,0.8157709030093048,0.8193476955410248,0.8217231513901153,0.818662833788322,0.814817740550715,0.8133607904117054,0.8110009960223421,0.8116619258612894,0.8105676238757791,0.8039667730243415,0.8032367735960902,0.7991116502674477,0.0,0.0,0.0,0.0,0.0,0.0
0.0,0.0,0.0,0.0,0.0,0.0,0.0,0.8102208012892357,0.8175492260333543,0.8116203620295728,0.8083078051305698,0.8077173392936394,0.8162910631689498,0.8261317646358745,0.8256261218852744,0.832601800384264,0.8328250651466642,0.8292928848210048,0.8278379016199604,0.8310984210806391,0.8233472946643383,0.8243417380373612,0.8211074073590612,0.815666040683035,0.8038158612495129,0.807125612518728,0.8102850053190704,0.802106286054266,0.7889083386879673,0.7893197425462283,0.7981787950930481,0.8022704179444401,0.8031681220883367,0.8047992834190258,0.8138426900188706,0.8143360803131353,0.8102671148997181,0.8159467535109128,0.8134905901819682,0.8083671671192588,0.8036683513430136,0.8127956133179957,0.8062721005502681,0.8059197755661763,0.8044852177477344,0.8013267256056138,0.8063817100433793,0.8070786023109365,0.8047003795812526,0.8084012087111483,0.8062605175534594,0.8104971967242829,0.8104645080730165,0.8023033158752431,0.8001699025290938,0.8046732636117935,0.8087216734713694,0.8143847014227474,0.811147981443972,0.810383244578812,0.8082322294011373,0.8066551492374391,0.8103766617653356,0.8168209467668838,0.8228499356486166,0.8195551020149628,0.8231906423665516,0.8189072608642712,0.8166352808762999,0.8037583626410696,0.8016846005461251,0.8025797611650114,0.8036804406392656,0.803378906156721,0.8006203604036032,0.0,0.0,0.0,0.0,0.0,0.0
0.0,0.0,0.0,0.0,0.0,0.0,0.0,0.7873955486886192,0.8013400569007926,0.8078063288508559,0.8119008527810109,0.8164666365559388,0.8213231686806478,0.8231649629328476,0.8303100052882736,0.8264589252735586,0.8276109845904897,0.8229701379210217,0.8229718094126205,0.8265908208217971,0.8202241054670104,0.8243393006783555,0.8200405121223533,0.809047235734015,0.8093660328043009,0.8068923460503923,0.8034805777196536,0.796590842045075,0.7906565148565128,0.7859336904242094,0.7915242302526204,0.7999756828407326,0.8036112897871807,0.8058055745086152,0.8127973595936128,0.8116218648123888,0.8147654448116343,0.8121651737775829,0.811570836294393,0.808630545529593,0.8086431592572575,0.8027978201095982,0.7993386805002133,0.8069809289984374,0.8005030372824047,0.8038508966762471,0.8039259041574529,0.8020604492055946,0.8005865311371845,0.8083785193621895,0.8071218121703795,0.80720263453626,0.8089064095135968,0.8048455852564853,0.8059800489179058,0.808830133513584,0.8052635101413658,0.8131638689726779,0.8122786827861856,0.8049543610648839,0.810346344114971,0.8146585953477563,0.8086713955767265,0.8172645283205962,0.8199765537179833,0.8243155199919894,0.823875328214004,0.8206682239684904,0.8200708992841612,0.8096900889645808,0.8016695212746534,0.8011104499639955,0.7975876635465368,0.7996343069462853,0.8019513828386031,0.0,0.0,0.0,0.0,0.0,0.0
0.0,0.0,0.0,0.0,0.0,0.0,0.0,0.7915446483885423,0.7990280314016539,0.8040330772728661,0.8065168068459624,0.81256335613363,0.8191793582443998,0.8321526783291348,0.8353990580579421,0.8346650983052741,0.8201790674411569,0.8159704053823607,0.8226284936933204,0.8154830254027456,0.8147918012931968,0.8197850328985027,0.8090723087868736,0.8130185589057214,0.8200879930416837,0.8179341145603924,0.8122414268864245,0.7993483135774206,0.7877664498832897,0.7826325532895412,0.7883810282567134,0.7881768122068248,0.7946270019212067,0.8058382841664713,0.8051357623495299,0.814549858647444,0.8075613698077863,0.8062941267700079,0.8057431415588285,0.8053001938715464,0.8053968551511971,0.7966710453044474,0.7976630520074097,0.7969384776904825,0.8034203786122076,0.8013502835785913,0.8038242428457368,0.8035754233587962,0.8028266731408391,0.8110417751841836,0.8074901555234947,0.812689129009383,0.8143812939158563,0.8175507236551225,0.8071377354152008,0.8080487654304094,0.802900675071387,0.8067077784881869,0.8014260406118382,0.802948524642675,0.8092177204311927,0.8117300849005433,0.8114501773632664,0.814299775863203,0.8151979684334701,0.8091930677163118,0.8101648088105432,0.8093526584354033,0.8104317212116473,0.8041115796789776,0.8004898778389765,0.7987396417640718,0.8014561468687027,0.800244737187731,0.803640362352305,0.0,0.0,0.0,0.0,0.0,0.0
0.0,0.0,0.0,0.0,0.0,0.0,0.0,0.785708480237982,0.8002780108820069,0.8012728171122254,0.806795763929973,0.8102647973015245,0.8177107784495659,0.8223666805740657,0.8334395937759005,0.8335108176015655,0.8264405945986227,0.8197587917232709,0.817863339413711,0.8229116586194561,0.8157122755616326,0.809226092737712,0.8082385854169823,0.8140156309097806,0.8169751333702396,0.8213653065776235,0.8128550916148385,0.8041515647431575,0.7961491994544295,0.7945231701303864,0.791986374215313,0.7920207026088392,0.7948380163181213,0.7985000685888088,0.7966617515120383,0.7994702177352281,0.7955979985274272,0.7995502652425803,0.8058856435939089,0.8018770038339116,0.8002653939740901,0.792226197566589,0.7856332440600218,0.7919748342748422,0.7982272391877123,0.7972495190275545,0.798647883447659,0.8040060480690544,0.7999673986396294,0.8055676915283541,0.8116778039010364,0.8095926955957025,0.8084276224655377,0.8090984892350798,0.8089913861207377,0.8051410100346827,0.802897125496032,0.8007857372994553,0.7993266523335264,0.8025431689536833,0.8056140162697406,0.807225221255649,0.8136710224865273,0.8123791928320596,0.811357469502383,0.8100534218595457,0.8080716052303762,0.8089536481834041,0.8035771019384127,0.8064544983627885,0.8051533991926225,0.8006205789332844,0.7972608197951769,0.7923313116467402,0.787618988013555,0.0,0.0,0.0,0.0,0.0,0.0
0.0,0.0,0.0,0.0,0.0,0.0,0.0,0.7838687664494026,0.796002299153593,0.7993596935732081,0.8032820550930462,0.8144826474970065,0.8154654979993389,0.8295698737035158,0.8392105140492137,0.8354354406905663,0.8267862759547404,0.8225514495276034,0.827395072360357,0.81456245557325,0.8146269320877104,0.8153686503413209,0.8089133492842576,0.8061741853892875,0.8099033464090971,0.8145490175742062,0.813247827083213,0.8089581987369724,0.7992743862352948,0.7992763618927144,0.7991226441882164,0.8005507744917219,0.7994709422759722,0.7986011533457661,0.7981891121678454,0.7991317104351469,0.7994448016576289,0.8033841173665605,0.8019083190526175,0.7990333044756571,0.8007895589288524,0.7871924429462911,0.7871601850586136,0.792313058862305,0.7892476514667534,0.796297845842727,0.7961452782149554,0.8010551471197606,0.8024657844037112,0.8032941013308132,0.8059184717756844,0.8016133928687827,0.8025533336397173,0.8097653683876409,0.8091905184454413,0.8032057690103455,0.8006646536220466,0.8000550226186925,0.793648083596744,0.79440097446219,0.7963270088806943,0.8020694028804013,0.8092343609736191,0.8087905692319977,0.8063674644141071,0.8065403547595361,0.8014312094271091,0.8043662547366841,0.8077770537109389,0.8024995639933352,0.7993980300854883,0.7962181884310605,0.7946080694085493,0.7987614250166742,0.7885788365785504,0.0,0.0,0.0,0.0,0.0,0.0
0.0,0.0,0.0,0.0,0.0,0.0,0.0,0.7750600118348373,0.7946354758484274,0.7950446031597409,0.7978634354343077,0.807272751936295,0.8028534678250059,0.8119167242329128,0.8198863705069455,0.8173551711924196,0.8196787968647131,0.8189546880473733,0.8239463776419971,0.8201545184104847,0.8197936623511993,0.8186466223740979,0.8124513960954519,0.8021789704108953,0.8006956644803991,0.8053102368411907,0.8112103386677286,0.812090856009159,0.8057202703815531,0.8003203026402266,0.8023824379092094,0.7993686567112154,0.8021278735890385,0.7967094902976326,0.7959825862924799,0.7961356646292365,0.8006635100389289,0.8016905257853317,0.8028560478817602,0.7929952658155527,0.7965858773391974,0.7930985018764101,0.7899311451913215,0.790126240977893,0.7895342656651796,0.7951505072578094,0.7990076778475087,0.8018785409732627,0.8051081970108125,0.8012564035370919,0.8078631950943921,0.8009807739197893,0.7984916044542482,0.8046188731353024,0.8058781734629169,0.8070921511310248,0.7989447928222363,0.7943332536344282,0.7946094154148423,0.7938118738668324,0.8004719071123222,0.8036676293850328,0.8051651729076862,0.8122414374211935,0.8077475855532403,0.8038480224470098,0.8007993660323985,0.8019508028951925,0.8016280172780541,0.8001755397111612,0.8007066632356883,0.7962640730025101,0.788067579861498,0.7913955321944212,0.7886447817684745,0.0,0.0,0.0,0.0,0.0,0.0
0.0,0.0,0.0,0.0,0.0,0.0,0.0,0.7835112578072391,0.7924951159430256,0.7903676943824145,0.7944513625497613,0.7967042992236258,0.8033879507365491,0.8080812993152086,0.8164251134882652,0.8157318212754074,0.8212798958335573,0.812256506456448,0.8137002119691706,0.8174129421361035,0.8152046108318156,0.8181481164957853,0.8129141851177579,0.7949716301194061,0.8045509628526509,0.8111116759308935,0.8125316793822647,0.8144518255637654,0.8091982374501068,0.7988384425576703,0.8017654420623117,0.8002060194318887,0.7999415712670053,0.7944064243700365,0.791856156669606,0.7929627241025132,0.7985789562572754,0.8058316035751806,0.8018667233443548,0.7977567754106089,0.7986070858367931,0.7978781039069446,0.7978823248660171,0.7903457019953238,0.786937629972357,0.7881802574080227,0.7940117051066019,0.8021103416503371,0.8088868776520224,0.808555667710589,0.8057239784393526,0.8035019978378434,0.8074492235101569,0.80809652817177,0.8105297437216042,0.8094390226221282,0.8011604985614038,0.7946650098904117,0.7949567806973628,0.797401687479285,0.8008086851959353,0.8050023531366517,0.8016804011978835,0.8077818967469589,0.8051355546156237,0.8054549344840171,0.8064805666509648,0.8067812054519791,0.8038938607398758,0.8001493067615101,0.7930066739850612,0.7861604136041955,0.7890623903802582,0.793880592625615,0.7880143466322783,0.0,0.0,0.0,0.0,0.0,0.0
0.0,0.0,0.0,0.0,0.0,0.0,0.0,0.7739450943194526,0.7841588997155269,0.7834261854886689,0.7902247130691151,0.7906385126753743,0.7970628613931589,0.8017918118188783,0.8053384378714302,0.8138336704537502,0.8079713728740815,0.8107202701828821,0.8067841568018757,0.8048646546991136,0.8040795732913443,0.796640574112567,0.7991396607963103,0.7967869713392531,0.8023695420459847,0.8120593814579932,0.8071439371953489,0.8060060061484042,0.8060036718260096,0.8004521633741569,0.796309678335524,0.794067200147292,0.796020933844398,0.7986548465084579,0.7934472480090483,0.79535346027753,0.7957690860165435,0.7993076999552163,0.8000188494466434,0.8001982659969773,0.8011178085576098,0.8009598167327527,0.7952910137085746,0.7925720766737726,0.7884811280692832,0.791306202813081,0.7967044071690685,0.802154906508133,0.8071432175208525,0.8035452264810211,0.8045222497306346,0.8048107426182688,0.8051414194457571,0.8078687983804926,0.8092190164704428,0.803515939334263,0.8023324869180691,0.7955926034335306,0.7959451112883202,0.7938515911712106,0.7947286079694196,0.800426883930621,0.8017445162200088,0.8063873364991789,0.8030449480652294,0.8042476887016993,0.8120952635175658,0.8158543432125537,0.8050604620215019,0.7987911067918005,0.7942344455087617,0.7866741493107429,0.7878192528789917,0.7821931399377055,0.7735643707307386,0.0,0.0,0.0,0.0,0.0,0.0
0.0,0.0,0.0,0.0,0.0,0.0,0.0,0.8065915493082744,0.7993116654907384,0.7894494664885847,0.7865486388463769,0.7852599868990278,0.7965414013163068,0.8047902344826775,0.7962202835077936,0.797879371337432,0.8066077281608411,0.8077107721316011,0.802605501415941,0.8038707519271548,0.8027078891043349,0.8039400878998548,0.7993985958046028,0.7985782098595778,0.8039665921879584,0.7996532878282401,0.808366013452512,0.7994138210738445,0.7947414116819798,0.7945872248791943,0.7945718513657108,0.7877711119906282,0.7872668202634949,0.7930200216023223,0.7932936846829823,0.7965297762947413,0.796182960260592,0.7941917431995583,0.7902645165824183,0.7913412531526908,0.796538552139609,0.7998077428844942,0.7931777447988976,0.7914680149120432,0.7912655751551259,0.7974372186667631,0.797951027201425,0.803292176595431,0.8091091412303458,0.8086017426684479,0.8065216260553563,0.8063657455854674,0.7972663360135598,0.8021512720158505,0.7990846305370767,0.800614959055514,0.7983162560769587,0.7943616003028393,0.794187688020974,0.79631598447734,0.7953203031661377,0.7978230518573416,0.8029370314535939,0.8094704856128018,0.8095994060908961,0.8141393657314525,0.8174178691460116,0.8146079089723042,0.8037084106743284,0.8024226307510274,0.7951053531372221,0.7937360556636541,0.7926589191258695,0.7910258336430188,0.7883071897108256,0.0,0.0,0.0,0.0,0.0,0.0
0.0,0.0,0.0,0.0,0.0,0.0,0.0,0.8069274653701566,0.7937612146891359,0.7894559798392458,0.7887826154043563,0.7862298885913658,0.7866452567041924,0.7982025497437061,0.7976017088242173,0.7956316306100594,0.7958465803974915,0.7912324955926805,0.796610165825338,0.7977209587615406,0.7995932360178121,0.7989004731998604,0.7958030019035087,0.7956922434044981,0.8019374526719154,0.8012118594306036,0.8030470008451563,0.7976162494862327,0.7966089186948436,0.792084888873574,0.7873424024111827,0.7831411551347705,0.7911850085583221,0.7922836218014547,0.7877560273294352,0.7943737050703047,0.7958852651038025,0.7901602067491115,0.7903272004810024,0.7896596286061491,0.7898210724412796,0.7943251917812487,0.7940402261601331,0.7919783294612031,0.7869197576700907,0.79342607702172,0.7956172240864547,0.80246247695204,0.8097482957644583,0.8075786037829596,0.8067430920857809,0.8030121425804448,0.7997420154483109,0.8048941963363626,0.8001404175082749,0.7995889080303719,0.7909693186844788,0.7924025615920092,0.7952909136896643,0.789142934155004,0.798889154329457,0.7970184998552993,0.7965508002635977,0.8038733413441608,0.8117120026808575,0.8083298062774322,0.8087773774044402,0.808258267893698,0.800473852461776,0.7990731928076449,0.8014642766512995,0.7973614059303953,0.7915828443037035,0.793548370402193,0.7867196164682319,0.0,0.0,0.0,0.0,0.0,0.0
0.0,0.0,0.0,0.0,0.0,0.0,0.0,0.8038530176763925,0.7895080826367397,0.7830687710893899,0.7848489505610288,0.7917191305623068,0.7913753653485092,0.7912715045875875,0.7899292772344837,0.794777322894337,0.7916124881878771,0.8024067655274766,0.7902625985931224,0.7859791269966842,0.7927327022715396,0.7948665576297674,0.7847020456909274,0.7809649426973756,0.7853195811397753,0.7852453987078274,0.783714951060002,0.7951936537213913,0.7943142199214966,0.7857465991732323,0.782569239051553,0.7845191595261852,0.7852212169472418,0.7894201608770058,0.7866579602312836,0.7811997212805981,0.7845171585319887,0.7894478529933625,0.7972668149957374,0.7907155127307609,0.7910360734208371,0.7883044975023328,0.7887838256265725,0.7883189674693082,0.788864972431666,0.7917321720038125,0.7959769641831856,0.8000213680254171,0.7998942294499564,0.8054866110264098,0.8005535151352,0.8042087309655394,0.8041592067243472,0.8075247871959217,0.8028080535161334,0.7991362745667128,0.791824046125651,0.7915175043959976,0.7976915780622797,0.7953090910867588,0.7985000440622136,0.7983269010740263,0.8012790053800644,0.8043211555393904,0.804278081425524,0.8036603809783464,0.8019233151441256,0.8067462116513354,0.8055305102697257,0.8002387588085538,0.7934800531861624,0.7922811471855054,0.7942406169515369,0.7864295574800545,0.7775759373650787,0.0,0.0,0.0,0.0,0.0,0.0
0.0,0.0,0.0,0.0,0.0,0.0,0.0,0.7930627141810583,0.778689828384706,0.7742399397236297,0.7855143077786402,0.7846521386466789,0.793791299910871,0.7856152873523927,0.7777900822234828,0.786546769961532,0.7935199902632153,0.7971771217659325,0.7940154841211002,0.7829762725457083,0.788424953151599,0.7884493970716614,0.7827644994005576,0.7872000997426621,0.794026878000022,0.8001531452179225,0.7979197394555675,0.7963609581111798,0.7978609837139331,0.7844432421695797,0.7816387297244978,0.7871803867771062,0.7830757724921064,0.7796808308107093,0.7783853872396281,0.7813913725474045,0.7827035735111896,0.7862862511192237,0.7892128085374001,0.7905220026609494,0.7872492649932027,0.7829834301987516,0.7879340338181595,0.7901273118700315,0.7866755669018098,0.7865768618553971,0.7905491890804156,0.7960083888454065,0.7987413681619657,0.7934066610529998,0.7952820964654795,0.8040544502347914,0.8059318199234901,0.8060960012594024,0.7998648955683553,0.7958077817089902,0.797572193251026,0.7940221273054083,0.7985968703842166,0.7997870638121087,0.7952947562053221,0.7997728521421309,0.802951306255917,0.8000559140388447,0.8045898582892792,0.8043795782650875,0.8087057143279023,0.8099437300546242,0.8110813893036918,0.8072516020219285,0.802719776851842,0.7989244022021526,0.7953365611673877,0.7880154796886185,0.7823796572570553,0.0,0.0,0.0,0.0,0.0,0.0
0.0,0.0,0.0,0.0,0.0,0.0,0.0,0.7996016347020092,0.7754912145331453,0.768654730582574,0.7727580536174319,0.7726001334661076,0.7755388420907405,0.7797678525965687,0.777403203471109,0.7834387432959902,0.7920642373147875,0.7973326125884003,0.7942555789821295,0.7909974048986161,0.7863181302873742,0.7842444233365733,0.7851169661485085,0.7880204692659775,0.786054996160339,0.7874212618891555,0.7920090434146456,0.7838457969771552,0.7857110357501387,0.7872057914160554,0.7932632337185143,0.7808519880351865,0.785256130372412,0.7888269809741233,0.7812905931788672,0.7868843934284875,0.7861233349184169,0.793598088127851,0.7909542495069698,0.7906221804340633,0.7908686005657201,0.7907059840738018,0.7888204743267796,0.7883283278761464,0.7847973651309152,0.7874270604271162,0.7881609558437982,0.7846570410977907,0.7896905911701221,0.7931935065564975,0.7954705101347578,0.7993074292054474,0.8003661505252553,0.8020637976865965,0.8038867622075311,0.8004929473050696,0.7946857629171044,0.7954007236943185,0.7963326836265208,0.8040695236840673,0.8012857059238824,0.804302315555158,0.7983233095030541,0.7982642961524647,0.8039593789346539,0.8071056722293348,0.8034751085420226,0.8061822704405469,0.8129555865763491,0.8128040191669723,0.8076252098823132,0.8064146187062676,0.80246643565946,0.7926325807378384,0.7846928013553807,0.0,0.0,0.0,0.0,0.0,0.0
0.0,0.0,0.0,0.0,0.0,0.0,0.0,0.7967208859743872,0.7733428873180528,0.7726903141137756,0.7786353558842531,0.7767607458070249,0.7737889707567833,0.7668294052342324,0.7779663444591854,0.7796754334039385,0.7841431909906407,0.7812079676037079,0.7781016928208383,0.7790495047310296,0.7847593940567886,0.7944181779565972,0.7942901134525449,0.7881852061433396,0.7908622841288518,0.7869039489880926,0.7903592959219652,0.789157047073778,0.7874622158134532,0.7766673585234198,0.7817047873997977,0.7816080537464668,0.781231837037864,0.7827660951341835,0.779637616231329,0.785090306337337,0.7867946379444937,0.7965548192380414,0.785841604184036,0.7846308578168083,0.7811778509669233,0.7839733280928436,0.7801646865348942,0.7780751502784319,0.7781071797008086,0.7843560314373154,0.7859557027972017,0.7896443342243578,0.7922645604199459,0.7864858344636823,0.797576085127905,0.7983592390266216,0.8060970366871879,0.8080806984715375,0.8021230758310759,0.8001898825374406,0.8023629413384197,0.798902779977479,0.7956703298063303,0.7970832735991411,0.8025700890984233,0.8001307910988193,0.7961947873093403,0.7971367838112416,0.8060465784473223,0.8057051866960775,0.8048946478301494,0.8062529556705308,0.8182072086568076,0.815081653063213,0.8087275731573413,0.8097154374539725,0.8067566533095201,0.801141953956759,0.7947247843651704,0.0,0.0,0.0,0.0,0.0,0.0
0.0,0.0,0.0,0.0,0.0,0.0,0.0,0.7894248382746026,0.7823885871799909,0.783987359206739,0.7835668721377463,0.782345289315064,0.777494427348292,0.7809244184133913,0.7780488576496271,0.7797480539767774,0.7869046402387355,0.7902421081618252,0.7930180088520579,0.7894595798487752,0.788419643168619,0.7840390899296744,0.7862410619195276,0.7958275587506928,0.7844412389509935,0.7840328312719875,0.7839696364294039,0.7836150470519012,0.785164883525072,0.7732031982352314,0.7757232289370989,0.7868342501794612,0.78740159131362,0.7773041224723554,0.7752349634398701,0.7845071958589802,0.7885681072834014,0.7899679318975433,0.7911708372587696,0.7834994119026979,0.7807316662148578,0.7778914903893323,0.7765699113431123,0.76935101371924,0.7704429204532707,0.7789109237514127,0.7852752512501514,0.7862439108081893,0.7904457901498225,0.8005571214065098,0.8038865094252532,0.7965726411002275,0.8051041534618714,0.8059674594642704,0.8037704498615016,0.7989368594596574,0.7990316377575678,0.7991906677861995,0.7978059938674387,0.7968953189818583,0.7968993044541699,0.7934674774206247,0.786725226980776,0.789785182675623,0.794468388257855,0.8019356867070033,0.8037743111428446,0.8102512681137531,0.812627896662689,0.8148224298947391,0.8112764525627562,0.8109797740071704,0.8104152962210902,0.8098378192184366,0.8006781053673659,0.0,0.0,0.0,0.0,0.0,0.0
0.0,0.0,0.0,0.0,0.0,0.0,0.0,0.7982938489427674,0.776892305330578,0.7834742558895956,0.7790334650786112,0.7884980299039693,0.7807396180964763,0.7818055242482923,0.7824087886491382,0.791025454084249,0.7936998941720026,0.7847341134554273,0.7741916417747584,0.7811198049445869,0.778372026757362,0.7828766658356594,0.7860975233724328,0.7918414077654854,0.7900113766100763,0.7867479601127537,0.7879441110834811,0.7826712385161915,0.7765170947923452,0.7766879514154528,0.7780173452674419,0.7808655302856334,0.7811623051244581,0.7747190305895685,0.7793824360869436,0.7852901437184697,0.7901430899900582,0.7915142637075677,0.7905939060767516,0.7881430154876508,0.7787151424640887,0.7703917012176364,0.7710325153438371,0.7753262900656949,0.7739343442446212,0.7724829353485453,0.7800031446314322,0.7773275717971335,0.7894594330868492,0.7967112351244825,0.7930327175602583,0.7917613947226012,0.7943211841113288,0.7998476283802989,0.8079861079234779,0.7991497413193219,0.7981566811263987,0.7980575845461396,0.7974170165703826,0.7977256562843561,0.7959728840543377,0.7941103945331758,0.7895932299263292,0.7885466236191596,0.7902838700490444,0.8004856506769155,0.8018021847056537,0.8123353560702187,0.8129099446834469,0.8173167108778305,0.8135469273303114,0.8144204987231712,0.8175198148710269,0.8170019299553584,0.8131148493891609,0.0,0.0,0.0,0.0,0.0,0.0
0.0,0.0,0.0,0.0,0.0,0.0,0.0,0.7770744036761043,0.7767507366868848,0.7807835954306869,0.7834092963610387,0.7824836945475423,0.776654192952732,0.7742900919364464,0.7932012297286445,0.795454098861074,0.7881567567213632,0.7818164393716839,0.7774664834045498,0.7808003394903965,0.7823706835441409,0.7895517982988461,0.7854545169696118,0.7860291916795067,0.7971090778843838,0.7885947896605743,0.7881973588873251,0.7884725233714482,0.7778523971603593,0.7821407883455229,0.7817770818489134,0.7787735402454715,0.7843880957077193,0.7865486709682031,0.7878201555559596,0.7882891673780071,0.7860433596020968,0.7945963721184816,0.7961195996325746,0.7753791286104932,0.774599430795252,0.770961017947014,0.7712542165207679,0.7784465614206656,0.7808623970559436,0.7835124914481121,0.7832955599517002,0.7904745977295258,0.7888170292362652,0.7981805342449987,0.7939512217046446,0.7953525599999528,0.7942314346308127,0.7972609710180562,0.8040319530594147,0.8017165833078784,0.7955144774513495,0.7956563964632293,0.801371370275446,0.7920169583777379,0.7908543484838997,0.7927143826387139,0.7957300533865354,0.7903688289605565,0.7919861127312695,0.7964724997247866,0.8041241810580905,0.8043675839397195,0.8130566808842138,0.8166714892335954,0.8179993905250453,0.8226034107273645,0.8236883734557912,0.8209882457533878,0.8127852396242939,0.0,0.0,0.0,0.0,0.0,0.0
0.0,0.0,0.0,0.0,0.0,0.0,0.0,0.7702905096340429,0.7750686954346472,0.7805009893644657,0.7801553803106377,0.7751210801334287,0.7838762883645904,0.7818136012473187,0.7947621845755337,0.7909123570603553,0.7905087634127831,0.7831546882125798,0.7793989549058744,0.7922811284042317,0.7921998901571211,0.7974748781184019,0.7895473205209306,0.7905576704878547,0.7892118985423178,0.7927067301316366,0.7954724882669996,0.7845954793504937,0.7780831912950587,0.7835335458421325,0.7819581947668613,0.7891024601805866,0.7911140326296539,0.79324281625432,0.7942928093762438,0.7995839914715395,0.7937761553984488,0.7969289848034303,0.7940776984753797,0.7859314364500141,0.7816743613094433,0.7748210171724714,0.7819792152162977,0.780805950369328,0.7810764935622122,0.7763243821160551,0.7866349120681125,0.7947303913396722,0.7947142051951869,0.8032273001381057,0.8001419750479579,0.7990194912876634,0.7986552987544541,0.7967015953678982,0.8024252126225228,0.8013534491345999,0.7967784714954469,0.7997665165865813,0.7987862275070036,0.7904450111077496,0.7892418813971447,0.7883594807584607,0.7932829057310351,0.7956338318637282,0.7980422175175795,0.7969522934856966,0.8054343650825917,0.8056420277166593,0.8085272070433224,0.8154320369391437,0.8246500188517758,0.8281382958324641,0.8299920813450207,0.8296964185811148,0.8275027052971005,0.0,0.0,0.0,0.0,0.0,0.0
0.0,0.0,0.0,0.0,0.0,0.0,0.0,0.7477636261827607,0.7497946618501863,0.7764386080789119,0.7841137950817127,0.7739838800715685,0.7857336498683106,0.7860953870036455,0.8003557037079129,0.7951782907724567,0.7908268641404889,0.7843314151005533,0.7828708230897854,0.7963061159934807,0.7990336884444259,0.8057871986099419,0.7970443300968008,0.7936206823980371,0.7933571610849365,0.7949008728916924,0.7983737255015158,0.7886160527649929,0.7809349848736493,0.7773039867759739,0.7840586166497912,0.7934352131900929,0.7954973756462512,0.7992837212836271,0.8099923651510468,0.8149538010483738,0.8105569649832643,0.8077169838937308,0.8014067872541383,0.8019333626942851,0.7938883819901736,0.7886488358118677,0.7906181911624524,0.7852167629673127,0.7838523088224262,0.775874807374818,0.7879900252615393,0.7972649228351615,0.7995141761864109,0.8054131899760325,0.8052765837375815,0.8042048700513434,0.7987652451327217,0.7974562636044623,0.7997184303301449,0.8021389462284956,0.8005227099759632,0.7999874540350436,0.7967521856258328,0.7921663059741056,0.7908738146734696,0.7905282886311374,0.7980559852580195,0.7968764982221116,0.8013134043107475,0.8018293862877169,0.8074220713643583,0.8109769814747322,0.8194819714521037,0.8201177993058401,0.834175063567855,0.8324808023209026,0.8325864757560295,0.8322992118146704,0.8258911821330488,0.0,0.0,0.0,0.0,0.0,0.0
0.0,0.0,0.0,0.0,0.0,0.0,0.0,0.8129354900792368,0.7758080329138464,0.7901893032394083,0.7972200702004522,0.801906040458762,0.8082635243550061,0.802959495514508,0.8163668488961657,0.79848725380923,0.7926701577465538,0.7822229394606416,0.7833377161397459,0.8010939482622665,0.7992468133410995,0.8033999734384879,0.8056618218364965,0.7958459149110356,0.7897008047916618,0.7875485040490408,0.7900080406189697,0.7726675032401675,0.7658781975923663,0.7566205152157007,0.7797327509051585,0.7969504733411444,0.8078370574148822,0.8176636587035561,0.8336267757574054,0.8383250182980075,0.8327862517120581,0.8239542379445531,0.8076109975837583,0.8146116687276123,0.8000533233038887,0.8025977352224049,0.798036578501219,0.7912205129525425,0.792068647647406,0.7848990809189281,0.793319756024706,0.8058238183856579,0.8102601917468967,0.8118045948514775,0.8117420446710908,0.8066519998276556,0.7989630344920934,0.7939116122288808,0.7981885306270379,0.8039174868164026,0.8039583235263189,0.7973146054990875,0.7924395983007363,0.7907344845175299,0.7892437516246447,0.7910632001418134,0.8038217645388657,0.8046425887366657,0.8092446865693713,0.805212019447289,0.7991222316839133,0.8083958554923336,0.8200744917789822,0.8240262025502832,0.8400966971066346,0.8414890441302456,0.8442832886495717,0.8367225063925173,0.8334268108443518,0.0,0.0,0.0,0.0,0.0,0.0
0.0,0.0,0.0,0.0,0.0,0.0,0.0,0.8081852826181387,0.8403723810325114,0.8279570351015345,0.8108714047170726,0.7767255689401179,0.824996191595549,0.8464390977105432,0.8498252620253235,0.8108736179625731,0.7950890143793661,0.7883843066277393,0.793666127199923,0.7906633257648921,0.7866009175978288,0.8069908038253363,0.796257811525777,0.7795050669235767,0.7840728797335798,0.7749105435077559,0.7737518285809064,0.759680762464136,0.7619605920089032,0.7648489315214226,0.7902159196480445,0.8170587188061808,0.8205367402694068,0.8152970051192174,0.835665170927599,0.8533174060336126,0.8481243571493738,0.8353329111158205,0.8148733549403204,0.8384868388111978,0.8243499219082082,0.8236080202110981,0.7965505327144015,0.7852277775494445,0.7921885391589724,0.7803315887331416,0.798576366218861,0.8187619409256192,0.8132138786399646,0.8136558997637271,0.8181122096599491,0.8119278385292641,0.8027953440052629,0.7871711004023364,0.7850927964860555,0.7911092157025049,0.7913396270942569,0.7854505681997288,0.782918676368682,0.7891544287613226,0.7799322676805055,0.7950176449699398,0.8064651025320604,0.8072343738437812,0.8113405846429487,0.8132261913676735,0.8028533915332686,0.806033107334688,0.8137178787810185,0.81222625655594,0.8315402000877999,0.8416385086429619,0.8388603826155386,0.8404586482739477,0.84664410933211,0.0,0.0,0.0,0.0,0.0,0.0
0.0,0.0,0.0,0.0,0.0,0.0,0.0,0.0,0.0,0.0,0.0,0.0,0.0,0.0,0.0,0.0,0.0,0.0,0.0,0.0,0.0,0.0,0.0,0.0,0.0,0.0,0.0,0.0,0.0,0.0,0.0,0.0,0.0,0.0,0.0,0.0,0.0,0.0,0.0,0.0,0.0,0.0,0.0,0.0,0.0,0.0,0.0,0.0,0.0,0.0,0.0,0.0,0.0,0.0,0.0,0.0,0.0,0.0,0.0,0.0,0.0,0.0,0.0,0.0,0.0,0.0,0.0,0.0,0.0,0.0,0.0,0.0,0.0,0.0,0.0,0.0,0.0,0.0,0.0,0.0,0.0
0.0,0.0,0.0,0.0,0.0,0.0,0.0,0.0,0.0,0.0,0.0,0.0,0.0,0.0,0.0,0.0,0.0,0.0,0.0,0.0,0.0,0.0,0.0,0.0,0.0,0.0,0.0,0.0,0.0,0.0,0.0,0.0,0.0,0.0,0.0,0.0,0.0,0.0,0.0,0.0,0.0,0.0,0.0,0.0,0.0,0.0,0.0,0.0,0.0,0.0,0.0,0.0,0.0,0.0,0.0,0.0,0.0,0.0,0.0,0.0,0.0,0.0,0.0,0.0,0.0,0.0,0.0,0.0,0.0,0.0,0.0,0.0,0.0,0.0,0.0,0.0,0.0,0.0,0.0,0.0,0.0
0.0,0.0,0.0,0.0,0.0,0.0,0.0,0.0,0.0,0.0,0.0,0.0,0.0,0.0,0.0,0.0,0.0,0.0,0.0,0.0,0.0,0.0,0.0,0.0,0.0,0.0,0.0,0.0,0.0,0.0,0.0,0.0,0.0,0.0,0.0,0.0,0.0,0.0,0.0,0.0,0.0,0.0,0.0,0.0,0.0,0.0,0.0,0.0,0.0,0.0,0.0,0.0,0.0,0.0,0.0,0.0,0.0,0.0,0.0,0.0,0.0,0.0,0.0,0.0,0.0,0.0,0.0,0.0,0.0,0.0,0.0,0.0,0.0,0.0,0.0,0.0,0.0,0.0,0.0,0.0,0.0
0.0,0.0,0.0,0.0,0.0,0.0,0.0,0.0,0.0,0.0,0.0,0.0,0.0,0.0,0.0,0.0,0.0,0.0,0.0,0.0,0.0,0.0,0.0,0.0,0.0,0.0,0.0,0.0,0.0,0.0,0.0,0.0,0.0,0.0,0.0,0.0,0.0,0.0,0.0,0.0,0.0,0.0,0.0,0.0,0.0,0.0,0.0,0.0,0.0,0.0,0.0,0.0,0.0,0.0,0.0,0.0,0.0,0.0,0.0,0.0,0.0,0.0,0.0,0.0,0.0,0.0,0.0,0.0,0.0,0.0,0.0,0.0,0.0,0.0,0.0,0.0,0.0,0.0,0.0,0.0,0.0
0.0,0.0,0.0,0.0,0.0,0.0,0.0,0.0,0.0,0.0,0.0,0.0,0.0,0.0,0.0,0.0,0.0,0.0,0.0,0.0,0.0,0.0,0.0,0.0,0.0,0.0,0.0,0.0,0.0,0.0,0.0,0.0,0.0,0.0,0.0,0.0,0.0,0.0,0.0,0.0,0.0,0.0,0.0,0.0,0.0,0.0,0.0,0.0,0.0,0.0,0.0,0.0,0.0,0.0,0.0,0.0,0.0,0.0,0.0,0.0,0.0,0.0,0.0,0.0,0.0,0.0,0.0,0.0,0.0,0.0,0.0,0.0,0.0,0.0,0.0,0.0,0.0,0.0,0.0,0.0,0.0
