0,1,2,3,4,5,6,7,8,9,10,11,12,13,14,15,16,17,18,19,20,21,22,23,24,25,26,27,28,29,30,31,32,33,34,35,36,37,38,39,40,41,42,43,44,45,46,47,48,49,50,51,52,53,54,55,56,57,58,59,60,61,62,63,64,65,66,67,68,69,70,71,72,73,74,75,76,77,78,79,80,81,82,83,84,85
0.0,0.0,0.0,0.0,0.0,0.0,0.0,0.0,0.0,0.0,0.0,0.0,0.0,0.0,0.0,0.0,0.0,0.0,0.0,0.0,0.0,0.0,0.0,0.0,0.0,0.0,0.0,0.0,0.0,0.0,0.0,0.0,0.0,0.0,0.0,0.0,0.0,0.0,0.0,0.0,0.0,0.0,0.0,0.0,0.0,0.0,0.0,0.0,0.0,0.0,0.0,0.0,0.0,0.0,0.0,0.0,0.0,0.0,0.0,0.0,0.0,0.0,0.0,0.0,0.0,0.0,0.0,0.0,0.0,0.0,0.0,0.0,0.0,0.0,0.0,0.0,0.0,0.0,0.0,0.0,0.0,0.0,0.0,0.0,0.0,0.0
0.0,0.0,0.0,0.0,0.0,0.0,0.0,0.0,0.0,0.0,0.0,0.0,0.0,0.0,0.0,0.0,0.0,0.0,0.0,0.0,0.0,0.0,0.0,0.0,0.0,0.0,0.0,0.0,0.0,0.0,0.0,0.0,0.0,0.0,0.0,0.0,0.0,0.0,0.0,0.0,0.0,0.0,0.0,0.0,0.0,0.0,0.0,0.0,0.0,0.0,0.0,0.0,0.0,0.0,0.0,0.0,0.0,0.0,0.0,0.0,0.0,0.0,0.0,0.0,0.0,0.0,0.0,0.0,0.0,0.0,0.0,0.0,0.0,0.0,0.0,0.0,0.0,0.0,0.0,0.0,0.0,0.0,0.0,0.0,0.0,0.0
0.0,0.0,0.0,0.0,0.0,0.0,0.0,0.0,0.0,0.0,0.0,0.0,0.0,0.0,0.0,0.0,0.0,0.0,0.0,0.0,0.0,0.0,0.0,0.0,0.0,0.0,0.0,0.0,0.0,0.0,0.0,0.0,0.0,0.0,0.0,0.0,0.0,0.0,0.0,0.0,0.0,0.0,0.0,0.0,0.0,0.0,0.0,0.0,0.0,0.0,0.0,0.0,0.0,0.0,0.0,0.0,0.0,0.0,0.0,0.0,0.0,0.0,0.0,0.0,0.0,0.0,0.0,0.0,0.0,0.0,0.0,0.0,0.0,0.0,0.0,0.0,0.0,0.0,0.0,0.0,0.0,0.0,0.0,0.0,0.0,0.0
0.0,0.0,0.0,0.0,0.0,0.0,0.0,0.0,0.0,0.0,0.0,0.0,0.0,0.0,0.0,0.0,0.0,0.0,0.0,0.0,0.0,0.0,0.0,0.0,0.0,0.0,0.0,0.0,0.0,0.0,0.0,0.0,0.0,0.0,0.0,0.0,0.0,0.0,0.0,0.0,0.0,0.0,0.0,0.0,0.0,0.0,0.0,0.0,0.0,0.0,0.0,0.0,0.0,0.0,0.0,0.0,0.0,0.0,0.0,0.0,0.0,0.0,0.0,0.0,0.0,0.0,0.0,0.0,0.0,0.0,0.0,0.0,0.0,0.0,0.0,0.0,0.0,0.0,0.0,0.0,0.0,0.0,0.0,0.0,0.0,0.0
0.0,0.0,0.0,0.0,0.0,0.0,0.0,0.0,0.0,0.0,0.0,0.0,0.0,0.0,0.0,0.0,0.0,0.0,0.0,0.0,0.0,0.0,0.0,0.0,0.0,0.0,0.0,0.0,0.0,0.0,0.0,0.0,0.0,0.0,0.0,0.0,0.0,0.0,0.0,0.0,0.0,0.0,0.0,0.0,0.0,0.0,0.0,0.0,0.0,0.0,0.0,0.0,0.0,0.0,0.0,0.0,0.0,0.0,0.0,0.0,0.0,0.0,0.0,0.0,0.0,0.0,0.0,0.0,0.0,0.0,0.0,0.0,0.0,0.0,0.0,0.0,0.0,0.0,0.0,0.0,0.0,0.0,0.0,0.0,0.0,0.0
0.0,0.0,0.0,0.0,0.0,0.0,0.0,0.0,0.0,0.0,0.0,0.0,0.0,0.0,0.0,0.0,0.0,0.0,0.0,0.0,0.0,0.0,0.0,0.0,0.0,0.0,0.0,0.0,0.0,0.0,0.0,0.0,0.0,0.0,0.0,0.0,0.0,0.0,0.0,0.0,0.0,0.0,0.0,0.0,0.0,0.0,0.0,0.0,0.0,0.0,0.0,0.0,0.0,0.0,0.0,0.0,0.0,0.0,0.0,0.0,0.0,0.0,0.0,0.0,0.0,0.0,0.0,0.0,0.0,0.0,0.0,0.0,0.0,0.0,0.0,0.0,0.0,0.0,0.0,0.0,0.0,0.0,0.0,0.0,0.0,0.0
0.0,0.0,0.0,0.0,0.0,0.0,0.0,0.0,0.0,0.0,0.0,0.0,0.0,0.0,0.0,0.0,0.0,0.0,0.0,0.0,0.0,0.0,0.0,0.0,0.0,0.0,0.0,0.0,0.0,0.0,0.0,0.0,0.0,0.0,0.0,0.0,0.0,0.0,0.0,0.0,0.0,0.0,0.0,0.0,0.0,0.0,0.0,0.0,0.0,0.0,0.0,0.0,0.0,0.0,0.0,0.0,0.0,0.0,0.0,0.0,0.0,0.0,0.0,0.0,0.0,0.0,0.0,0.0,0.0,0.0,0.0,0.0,0.0,0.0,0.0,0.0,0.0,0.0,0.0,0.0,0.0,0.0,0.0,0.0,0.0,0.0
0.0,0.0,0.0,0.0,0.0,0.0,0.0,0.0,0.0,0.0,0.0,0.0,0.0,0.0,0.0,0.0,0.0,0.0,0.0,0.0,0.0,0.0,0.0,0.0,0.0,0.0,0.0,0.0,0.0,0.0,0.0,0.0,0.0,0.0,0.0,0.0,0.0,0.0,0.0,0.0,0.0,0.0,0.0,0.0,0.0,0.0,0.0,0.0,0.0,0.0,0.0,0.0,0.0,0.0,0.0,0.0,0.0,0.0,0.0,0.0,0.0,0.0,0.0,0.0,0.0,0.0,0.0,0.0,0.0,0.0,0.0,0.0,0.0,0.0,0.0,0.0,0.0,0.0,0.0,0.0,0.0,0.0,0.0,0.0,0.0,0.0
0.0,0.0,0.0,0.0,0.0,0.0,0.0,0.0,0.0,0.0,0.0,0.0,0.0,0.0,0.0,0.0,0.0,0.0,0.0,0.0,0.0,0.0,0.0,0.0,0.0,0.0,0.0,0.0,0.0,0.0,0.0,0.0,0.0,0.0,0.0,0.0,0.0,0.0,0.0,0.0,0.0,0.0,0.0,0.0,0.0,0.0,0.0,0.0,0.0,0.0,0.0,0.0,0.0,0.0,0.0,0.0,0.0,0.0,0.0,0.0,0.0,0.0,0.0,0.0,0.0,0.0,0.0,0.0,0.0,0.0,0.0,0.0,0.0,0.0,0.0,0.0,0.0,0.0,0.0,0.0,0.0,0.0,0.0,0.0,0.0,0.0
0.0,0.0,0.0,0.0,0.0,0.0,0.0,0.0,0.0,0.0,0.0,0.0,0.0,0.0,0.0,0.0,0.0,0.0,0.0,0.0,0.0,0.0,0.0,0.0,0.0,0.0,0.0,0.0,0.0,0.0,0.0,0.0,0.0,0.0,0.0,0.0,0.0,0.0,0.0,0.0,0.0,0.0,0.0,0.0,0.0,0.0,0.0,0.0,0.0,0.0,0.0,0.0,0.0,0.0,0.0,0.0,0.0,0.0,0.0,0.0,0.0,0.0,0.0,0.0,0.0,0.0,0.0,0.0,0.0,0.0,0.0,0.0,0.0,0.0,0.0,0.0,0.0,0.0,0.0,0.0,0.0,0.0,0.0,0.0,0.0,0.0
0.0,0.0,0.0,0.0,0.0,0.0,0.0,0.0,0.0,0.0,0.0,0.0,0.0,0.0,0.0,0.0,0.0,0.0,0.0,0.0,0.0,0.0,0.0,0.0,0.0,0.0,0.0,0.0,0.0,0.0,0.0,0.0,0.0,0.0,0.0,0.0,0.0,0.0,0.0,0.0,0.0,0.0,0.0,0.0,0.0,0.0,0.0,0.0,0.0,0.0,0.0,0.0,0.0,0.0,0.0,0.0,0.0,0.0,0.0,0.0,0.0,0.0,0.0,0.0,0.0,0.0,0.0,0.0,0.0,0.0,0.0,0.0,0.0,0.0,0.0,0.0,0.0,0.0,0.0,0.0,0.0,0.0,0.0,0.0,0.0,0.0
0.0,0.0,0.0,0.0,0.0,0.0,0.0,0.0,0.0,0.0,0.0,0.0,0.0,0.0,0.0,0.0,0.0,0.0,0.0,0.0,0.0,0.0,0.0,0.0,0.0,0.0,0.0,0.0,0.0,0.0,0.0,0.0,0.0,0.0,0.0,0.0,0.0,0.0,0.0,0.0,0.0,0.0,0.0,0.0,0.0,0.0,0.0,0.0,0.0,0.0,0.0,0.0,0.0,0.0,0.0,0.0,0.0,0.0,0.0,0.0,0.0,0.0,0.0,0.0,0.0,0.0,0.0,0.0,0.0,0.0,0.0,0.0,0.0,0.0,0.0,0.0,0.0,0.0,0.0,0.0,0.0,0.0,0.0,0.0,0.0,0.0
0.0,0.0,0.0,0.0,0.0,0.0,0.0,0.0,0.0,0.0,0.0,-0.8735251026395014,-0.545823230942881,-0.4775424376542432,-0.2149459198162101,-0.1624722668690249,-0.2246123477960121,-0.2457378695629785,-0.3383056335064848,-0.3142206375884884,-0.2559858527252304,-0.31484688680776907,-0.32461997217437927,-0.3449657607425155,-0.2521972465517616,-0.14394063358083434,-0.23240294074534878,-0.424739001265852,-0.3852422269109434,-0.3131515383630533,-0.5349863683816137,-0.508629838695007,-0.4296543304258685,-0.4227920411794809,-0.45888032825425884,-0.5515386999255617,-0.5249804036488583,-0.39189238601198584,-0.3356343226231123,-0.34577948641855105,-0.2907943424182359,-0.35259830703473005,-0.4918774982929613,-0.5581602214518288,-0.5526187069035591,-0.35120399359424037,-0.30634990684868607,-0.3617446572552515,-0.31413067070521566,-0.4121883728372848,-0.5880847465515875,-0.6226177552534229,-0.611075672266481,-0.6394144005277297,-0.6470124153392822,-0.6305534500163039,-0.5871213623455457,-0.6077478662383429,-0.6480511253011383,-0.6500233423513809,-0.7010957677112084,-0.7697489261235286,-0.6835456909771526,-0.6557883864500332,-0.6729141126607074,-0.804935138916025,-0.7983352320217987,-0.8424324984970186,-0.9964739034976398,-0.809201686222279,-0.5702689830659579,-0.574027589326099,-0.5396012506170672,-0.47999115885286936,-0.3675928542673555,-0.19883372894319168,-0.0791142224685348,0.0,0.0,0.0,0.0,0.0,0.0,0.0,0.0,0.0
0.0,0.0,0.0,0.0,0.0,0.0,0.0,0.0,0.0,0.0,0.0,-0.7823961920683352,-0.624220875391452,-0.46611337469597197,-0.3565186409403182,-0.36296035270070137,-0.22628528796565472,-0.24836913621233303,-0.31694627097561073,-0.30360990834377255,-0.28094175558360857,-0.32972573625423246,-0.3894631077674241,-0.42600453855133974,-0.4009913934549903,-0.36701670319197244,-0.42349341788087097,-0.4901574200107061,-0.48692755942591887,-0.4557246358183953,-0.5699011802670847,-0.5139395884001537,-0.4086511763746695,-0.3831300362066585,-0.5196379713487203,-0.6085695329565385,-0.5588706771186281,-0.43652759494502563,-0.4212079126815343,-0.42620591285031373,-0.39205915626274646,-0.40859914450253987,-0.4400325050088057,-0.4341469117961373,-0.4104827630971115,-0.38790321298993913,-0.40460775294446044,-0.48488676074108267,-0.4712564534376577,-0.5526200690670479,-0.6373894043988511,-0.58951560038315,-0.6124772213894103,-0.6856591113782325,-0.7300042135937841,-0.6969370673024138,-0.6335503436866923,-0.6353770656367356,-0.652884977263314,-0.6459678048021285,-0.6259037216755731,-0.6505150876415264,-0.571258542438536,-0.5214518092957359,-0.5441208218145381,-0.6368228509743584,-0.6073654154795276,-0.5940935624532264,-0.6987179601204574,-0.5416781533582374,-0.4180031018700355,-0.47452990890649904,-0.5416241248347957,-0.5264845097265112,-0.450046413685897,-0.32874899154273224,-0.21401738671261641,0.0,0.0,0.0,0.0,0.0,0.0,0.0,0.0,0.0
0.0,0.0,0.0,0.0,0.0,0.0,0.0,0.0,0.0,0.0,0.0,-0.7648532233373577,-0.6148760591932785,-0.48279698491005596,-0.4343809765288417,-0.3826364217600939,-0.30801385956810534,-0.2636171525645668,-0.2697639620044494,-0.2919348640633465,-0.3070981697436525,-0.3321489821338244,-0.39841036345662306,-0.4223496992837413,-0.450715755807128,-0.43926547178256187,-0.478986760206165,-0.5095756155375949,-0.5092799039130856,-0.5237321773032703,-0.5656583982184268,-0.5248150370069437,-0.44000169250959076,-0.423074189540867,-0.5389556016369872,-0.5716007967655632,-0.5362104475283024,-0.4927344170889513,-0.4745326234212189,-0.44233028158117305,-0.4738422771327683,-0.4508357035325429,-0.43259066976581484,-0.4574624594507544,-0.4398982441584902,-0.44032203813935267,-0.46759876300235825,-0.5522977538948804,-0.5589423181878622,-0.5827166526922088,-0.6714676216078729,-0.612908818936979,-0.6454929323515007,-0.6870230524838797,-0.7133696480640829,-0.6916237135959102,-0.6329280628164301,-0.6142761001072751,-0.6439865721948623,-0.6123695957985943,-0.5669735148276646,-0.5763335597979516,-0.508728146142374,-0.4279494167187847,-0.4429161602904902,-0.519658952170858,-0.5082910854843664,-0.5312545769775088,-0.5512343670919172,-0.4724388891520557,-0.3787758191181491,-0.4180274617133308,-0.45565206113724493,-0.46562553192703965,-0.463634863885058,-0.4109487424578377,-0.2950741905979653,0.0,0.0,0.0,0.0,0.0,0.0,0.0,0.0,0.0
0.0,0.0,0.0,0.0,0.0,0.0,0.0,0.0,0.0,0.0,0.0,-0.6657818235140069,-0.5806245644046732,-0.5121804531440718,-0.45513269764812225,-0.41218531301718053,-0.3815202522225209,-0.3366751189084095,-0.31103064959580123,-0.32207879527881883,-0.35747959734055407,-0.35120742956515466,-0.40246632381858105,-0.41019938241727344,-0.4552458860240749,-0.44379788050753805,-0.4412997985802495,-0.45633188369946664,-0.4620181627314614,-0.5274288116793685,-0.5263230094634004,-0.4802843706117169,-0.47398508751795326,-0.5241622597736633,-0.6088935079140758,-0.6133747955006633,-0.5967110043547361,-0.5702050972128034,-0.5341817710023905,-0.48133445827659643,-0.4708878731854948,-0.49983198980156435,-0.49998556412559453,-0.5221377136649452,-0.5048177030197567,-0.47022217001024247,-0.5227859033247945,-0.6032569954216382,-0.6421954977637019,-0.6459477722556606,-0.6627604378397782,-0.6462305786942927,-0.687118179184517,-0.7040762339409462,-0.724808170633656,-0.6663516921483663,-0.6419600801733936,-0.63303186674066,-0.5960039272372644,-0.5762409464411351,-0.5532161395521042,-0.544720713156201,-0.5134363873852854,-0.3906017119434199,-0.36814930793562156,-0.39731257693690003,-0.4145867568593424,-0.426321296770371,-0.41098167592014906,-0.4158801031710267,-0.37811236660542913,-0.40284571789853285,-0.4338487673553618,-0.4228986521890654,-0.45765034733223137,-0.4557967440726521,-0.4042309477779848,0.0,0.0,0.0,0.0,0.0,0.0,0.0,0.0,0.0
0.0,0.0,0.0,0.0,0.0,0.0,0.0,0.0,0.0,0.0,0.0,-0.5613802672089298,-0.5652640321486039,-0.49038095559521977,-0.4353018152836041,-0.4138587845327006,-0.3870078747139262,-0.3458499504286296,-0.3385746074843054,-0.31750004287051725,-0.3594594421788187,-0.28394542920671806,-0.27402867575814394,-0.34026804328869753,-0.36299150499163285,-0.40644217722880677,-0.41721702925672,-0.3801726721761516,-0.4309495634985401,-0.5112605144064004,-0.49985302312284147,-0.5055323458735457,-0.531617770330747,-0.6150332292737419,-0.6027064805256029,-0.5616465890052293,-0.5688021194945759,-0.5706994088318985,-0.5396536065282819,-0.5747498531501103,-0.5536064983361896,-0.557854029731567,-0.5660792264875115,-0.5827848769331713,-0.5592636061227774,-0.5077661163809477,-0.5495290968929332,-0.6146845147027751,-0.6903940017251295,-0.6655540218891266,-0.6514886189886443,-0.5994582784617837,-0.6636910753743472,-0.7373137603440213,-0.7250740921397445,-0.6641204813728437,-0.6575545718038949,-0.6147717451475296,-0.5872674545767312,-0.56991007360906,-0.5462229500078508,-0.5238972294082664,-0.4816682911606029,-0.4271024525712373,-0.36229969222767694,-0.32970290442479955,-0.3479498822347398,-0.33458032708445373,-0.325118770094713,-0.3432200511619408,-0.3728876805895636,-0.3998461928094792,-0.4014233493738867,-0.4055392087434746,-0.4468688359733947,-0.4706755370405287,-0.4332637793189643,0.0,0.0,0.0,0.0,0.0,0.0,0.0,0.0,0.0
0.0,0.0,0.0,0.0,0.0,0.0,0.0,0.0,0.0,0.0,0.0,-0.5490192120240049,-0.5012266218562289,-0.46005717988879424,-0.43965696454193237,-0.39440477146207087,-0.35711615969193705,-0.3327080684876841,-0.33138779001312074,-0.23630804453643534,-0.2589155521973483,-0.2955989964844491,-0.2842738829654924,-0.35878704747564705,-0.3206097128592497,-0.2943033458841922,-0.31126265618124893,-0.4410912021823682,-0.4753109149284856,-0.4922444245497172,-0.47678902098637127,-0.5175675246083554,-0.5563940659144206,-0.6044203504953439,-0.5870403504892513,-0.5789357853505348,-0.5740376516664011,-0.5661484757846884,-0.5636522226623224,-0.601960007677663,-0.6100283294902644,-0.6279089990491538,-0.6563547186391896,-0.6273169328392725,-0.6090610660528855,-0.5593920321529755,-0.5603685063206194,-0.6077673738784036,-0.6605413360221816,-0.6803952593912989,-0.6483484113856388,-0.6043104726920929,-0.6120386938011069,-0.6490286450930388,-0.6561000375720976,-0.6330339986851631,-0.5720140525657089,-0.5787750472423083,-0.5658576076988026,-0.5849813901003581,-0.606290848588874,-0.5316934091556212,-0.4420675152203358,-0.42189302127968725,-0.41760914303601115,-0.37275082190974673,-0.31760258008199016,-0.2573957033805599,-0.2941845361063688,-0.25527648281832793,-0.330498995585807,-0.4321037483310063,-0.4212675994915427,-0.39622724192378245,-0.4460792993808813,-0.5233919227037449,-0.5770600076616129,0.0,0.0,0.0,0.0,0.0,0.0,0.0,0.0,0.0
0.0,0.0,0.0,0.0,0.0,0.0,0.0,0.0,0.0,0.0,0.0,-0.4925213303919156,-0.4917572366811148,-0.44039424484857664,-0.42873516788343774,-0.41093863212706316,-0.365025609804466,-0.3261264419981902,-0.28335845603525045,-0.2603084398541764,-0.204996665050056,-0.33975159944191313,-0.3655220526078893,-0.39545680731962785,-0.4243318825360989,-0.430059987992651,-0.43419723823294515,-0.436487884846713,-0.4813703629141398,-0.5168102027313171,-0.5230454523845159,-0.5277210342843951,-0.5136532772958028,-0.5319218823511537,-0.5883320871824542,-0.6531901213039022,-0.6091709839126614,-0.5970820834702146,-0.5718947213437301,-0.602542784232602,-0.6397129359548884,-0.6922417526337433,-0.6734456259859265,-0.6120539844674177,-0.6249303554929692,-0.6013348536787549,-0.6177458794344131,-0.6258070036149329,-0.6611725966572819,-0.7043266562842917,-0.6365292315157148,-0.659689787739799,-0.6854965849314533,-0.6194747992182476,-0.6217309991199063,-0.6088755238374521,-0.6158747545776136,-0.6010376788465219,-0.5743769605581162,-0.5704040246284674,-0.5760704919715561,-0.5018592422838429,-0.4896398992919079,-0.4630809459495193,-0.4402832801959655,-0.39400891590958426,-0.3310088062536918,-0.28986139849634085,-0.2292226268240809,-0.27402108340490783,-0.3063350948830592,-0.3878274914189941,-0.43622809136680246,-0.4420739687386403,-0.5269619474744394,-0.6199383454885216,-0.6620896689514394,0.0,0.0,0.0,0.0,0.0,0.0,0.0,0.0,0.0
0.0,0.0,0.0,0.0,0.0,0.0,0.0,0.0,0.0,0.0,0.0,-0.5408173719712847,-0.5129829023654533,-0.47000035666729406,-0.4053093185807786,-0.37752709852721855,-0.3976540511265133,-0.3823488483426645,-0.2928365547695744,-0.3214336834441785,-0.3108015520153649,-0.29794121459356654,-0.2936437394711521,-0.24955465719317294,-0.27917798768832486,-0.3618432964292151,-0.41557526931973626,-0.36192801692907034,-0.4494924283272206,-0.5387774431683562,-0.5442697069285035,-0.5448895931364889,-0.5529444599276033,-0.5367171317221785,-0.5799177064557063,-0.6285043715565205,-0.697328018647743,-0.6951032508396672,-0.6831141308968425,-0.6580335331972345,-0.6750974081832448,-0.7013590160555809,-0.6321708231377602,-0.5854327833380698,-0.6069478162385363,-0.6029482311057561,-0.6052727408194473,-0.6133231548271515,-0.5961486940956506,-0.5890502722032674,-0.6156420259507283,-0.6017802146798709,-0.5943194625018589,-0.5633560554039262,-0.544427732356016,-0.5311433050077676,-0.6058346324776943,-0.6191018293739431,-0.60275344341866,-0.5848642310993678,-0.5235937365766912,-0.4988155776925925,-0.4731368683443109,-0.46433003109196325,-0.4255339567975537,-0.39495874799839015,-0.3707534800159469,-0.34080859224688365,-0.3350320945130055,-0.3580388002292867,-0.3888594550823914,-0.45263204709058535,-0.46126840563894955,-0.49921572416258936,-0.5624178916331883,-0.5720500421960609,-0.6532609153545024,0.0,0.0,0.0,0.0,0.0,0.0,0.0,0.0,0.0
0.0,0.0,0.0,0.0,0.0,0.0,0.0,0.0,0.0,0.0,0.0,-0.5403337725741734,-0.5613699318660851,-0.47564523552248683,-0.42405536284931206,-0.3926196357877134,-0.3726408481189614,-0.37875234203674857,-0.3046329217980364,-0.22945435966463892,-0.22031722472379173,-0.23791621117908776,-0.2515712788476502,-0.29291880982212615,-0.3175407692897933,-0.3169782040292434,-0.3224982513985164,-0.3567154086286052,-0.41713331752403715,-0.4670558778395715,-0.49882949302422447,-0.5328713033266305,-0.5597789473845568,-0.5627831555820185,-0.577733764926166,-0.602277099250335,-0.6531338140295584,-0.7078919632889058,-0.7395332744150314,-0.7412703830824928,-0.6569460381048496,-0.6527048528093796,-0.6047408481344505,-0.5830720154326954,-0.590664916128663,-0.6068938340676675,-0.6174277664507315,-0.6053834166313203,-0.5558161349841044,-0.5487647608671528,-0.5766598402547273,-0.5391721249546733,-0.5446426632783516,-0.5522829333121775,-0.5135839014479555,-0.5285283967395039,-0.5440353569711174,-0.5735079971035911,-0.5802036811425155,-0.5482637571746769,-0.574845854230477,-0.5268839898368174,-0.4895790206809571,-0.501864921849513,-0.492200032499839,-0.4432188602802648,-0.4067059350988769,-0.3789931527341303,-0.3518724975459285,-0.3607098164302635,-0.4145888111959982,-0.41483315993032727,-0.4105520928597657,-0.4658500343493258,-0.4990051949727489,-0.5544096389294401,-0.532351770684919,0.0,0.0,0.0,0.0,0.0,0.0,0.0,0.0,0.0
0.0,0.0,0.0,0.0,0.0,0.0,0.0,0.0,0.0,0.0,0.0,-0.5154522905223458,-0.5695996066999314,-0.5193641229554392,-0.4586771221978179,-0.38781369194462495,-0.3826295856430876,-0.35190683851384924,-0.3318769828250508,-0.26434121343502054,-0.198852832385276,-0.21405257562502894,-0.2225055580197367,-0.22657546039726995,-0.20668522267252595,-0.20552197010497755,-0.296728645786945,-0.3943245839034987,-0.4303678607951055,-0.42942511631345504,-0.42421707959318483,-0.4462812429410622,-0.4871216793758309,-0.5308036466127515,-0.541862757474772,-0.579800271422747,-0.6092139661079586,-0.6419350643207717,-0.6866093869687236,-0.6729803590177434,-0.6471419680162257,-0.6148440539357393,-0.5726731352888077,-0.5670989888562681,-0.5419624312433325,-0.5391678985954745,-0.5557522334845801,-0.554256095926592,-0.5400926328010929,-0.52999158464179,-0.5298982790305451,-0.5049914970690932,-0.5540672520383905,-0.5522978595750562,-0.5012408593004886,-0.49024621781844113,-0.534778411953374,-0.5550025111359181,-0.5738474834831988,-0.5700845861735614,-0.5919688872126565,-0.5643945687580199,-0.525405026797934,-0.5179783516826216,-0.543208809749177,-0.48503490422538326,-0.4313078502157882,-0.4328943076012757,-0.4321361196866521,-0.4085230080893036,-0.4090177744907016,-0.41870725073043896,-0.40706405590987094,-0.4024285773527761,-0.43933214159786227,-0.5000891736181231,-0.4448752882543797,0.0,0.0,0.0,0.0,0.0,0.0,0.0,0.0,0.0
0.0,0.0,0.0,0.0,0.0,0.0,0.0,0.0,0.0,0.0,0.0,-0.4642808723600867,-0.522565981691467,-0.5248556017707955,-0.5058524286596378,-0.3852161501351446,-0.34179009714282677,-0.3308045434548781,-0.3605456117645932,-0.28379748770556473,-0.22133707727129828,-0.24091777094918954,-0.25987057962181814,-0.24326188391690462,-0.2810575330792423,-0.3223468174336378,-0.3774978747756047,-0.43188339485479493,-0.4714884894632103,-0.4415622788060504,-0.470206206572905,-0.44350599608508146,-0.493629726151941,-0.5381031374079847,-0.591976310313422,-0.5985520231006469,-0.5908918142242603,-0.5967908801597203,-0.621091674629804,-0.6123326625861143,-0.5244935569396442,-0.500965581386632,-0.5761859082473902,-0.5992371222247581,-0.5828019839828709,-0.5422359503555115,-0.4952137418753892,-0.48709226709859255,-0.4555290818732796,-0.4381260426201044,-0.44123210018058207,-0.5189707092368977,-0.5255677150854202,-0.5218750319976814,-0.5183851146422991,-0.5228503028428285,-0.561958706145208,-0.576070463461953,-0.5593882196036778,-0.5879774409515651,-0.5901418276611531,-0.57878687265631,-0.5998477660268495,-0.5936669590222448,-0.5908083076492502,-0.5934207333782375,-0.5454249824582817,-0.49458986789275317,-0.49703877939460933,-0.4804815574747889,-0.4457651418282519,-0.48260765555601187,-0.5014389049082307,-0.49444598461268047,-0.5148129759682856,-0.5293736428100354,-0.4784010920891217,0.0,0.0,0.0,0.0,0.0,0.0,0.0,0.0,0.0
0.0,0.0,0.0,0.0,0.0,0.0,0.0,0.0,0.0,0.0,0.0,-0.5882660521792786,-0.599557685740952,-0.5653363238221328,-0.5150432352876793,-0.4413430679927771,-0.3685168424604674,-0.3619660761249954,-0.3099374545388374,-0.2627616351481976,-0.21407327290284808,-0.2183323571790435,-0.31333694577891535,-0.32880396313703536,-0.3402784556995542,-0.4299043587110622,-0.38449331839395207,-0.3880687883174115,-0.4231571102644479,-0.4571391096174347,-0.47783431081664896,-0.5492794468193648,-0.5348712700071426,-0.5558720223661051,-0.5814793722954983,-0.5893068951897674,-0.583326325049587,-0.5602403662808466,-0.550659832503526,-0.5101269231844614,-0.5780149867401349,-0.6192376814407482,-0.604486291497724,-0.5990121378092559,-0.5756123684480272,-0.5697049208439833,-0.5236795066894195,-0.4749053240916211,-0.422758826491554,-0.4432201250769413,-0.45880491432856696,-0.45747697661558145,-0.44905277369743646,-0.4750261940802638,-0.5348784144737889,-0.541188020422529,-0.6239066333950188,-0.6095210821530179,-0.6083498188832588,-0.5882455771865195,-0.5819313459856226,-0.6171052494930876,-0.6279227170500301,-0.6068917094390536,-0.6029273876230532,-0.6241443965584186,-0.6237179114942888,-0.5770928686404891,-0.5519309230327774,-0.5095106390245545,-0.4914044472041158,-0.49323853251432526,-0.545966039143216,-0.5439387595447234,-0.5361537551440402,-0.5345082014261411,-0.5201473636812312,0.0,0.0,0.0,0.0,0.0,0.0,0.0,0.0,0.0
0.0,0.0,0.0,0.0,0.0,0.0,0.0,0.0,0.0,0.0,0.0,-0.6283551064784353,-0.6382263694147519,-0.6006677170298075,-0.5409267647082509,-0.48072744550905233,-0.422959014898419,-0.3399071692280283,-0.2826702007796569,-0.26845359329232854,-0.2254200178834311,-0.24129299644836902,-0.3568084512160883,-0.36225291449407765,-0.39208165831905295,-0.3806259131739124,-0.36239684821658175,-0.3945068932984955,-0.449421936986479,-0.4795642441324945,-0.5788943160975879,-0.5962366412338878,-0.5734280942938986,-0.5050813595686113,-0.5334865388946053,-0.5269011237999671,-0.5191721363293489,-0.5117704860739732,-0.46194305016691817,-0.5177408358880887,-0.5843411145917071,-0.5714818049110383,-0.5735899621340265,-0.5438825975730621,-0.5328219659348985,-0.49630071264081504,-0.54147234481798,-0.46761850997061216,-0.37843716393888055,-0.33003244767028395,-0.30159544493871265,-0.3351082162303172,-0.3682768587518686,-0.402334850032201,-0.4876632588200151,-0.5907000708869631,-0.6547139609723526,-0.6190463720746282,-0.5508068382062643,-0.5280353245988233,-0.5578081286911136,-0.6093900587847345,-0.6268469704858018,-0.6227325444690691,-0.6335170152080373,-0.6281762886251234,-0.6164968322534813,-0.646890496965206,-0.6501432259879228,-0.6102096058172995,-0.5530650312794626,-0.5265121905988219,-0.5509919110867789,-0.5417911371606131,-0.5435907365560692,-0.5814034558343525,-0.5049738662672663,0.0,0.0,0.0,0.0,0.0,0.0,0.0,0.0,0.0
0.0,0.0,0.0,0.0,0.0,0.0,0.0,0.0,0.0,0.0,0.0,-0.5988171302202515,-0.6650023657939526,-0.6345006221820392,-0.5901360138187721,-0.507575927501618,-0.4708576064913107,-0.4310585101146958,-0.348806332612332,-0.3400628580890512,-0.3571898685463487,-0.35384002101416817,-0.38780154416995466,-0.4139837346749701,-0.3930688901340789,-0.38233829994453666,-0.44421827981889195,-0.4456946770042739,-0.4728121274247193,-0.5039938389549885,-0.5271883075807099,-0.5316667906303414,-0.5336306269529211,-0.5400802271775285,-0.5114474694013273,-0.5082201704512789,-0.4808160341291573,-0.45395534758224787,-0.5000410075441752,-0.5343471876416006,-0.5986530939930168,-0.5677442411566719,-0.5782854310650528,-0.5436242982487233,-0.49247160709356996,-0.5020042546462842,-0.4240802886404612,-0.41945789592243404,-0.3553371905144938,-0.3046839350156912,-0.3567265082610861,-0.3865646426328484,-0.4240287601376205,-0.39650667085638325,-0.43843638066340623,-0.5534543246123481,-0.5517599763397533,-0.6220641821774588,-0.5984179243384228,-0.5455685191233394,-0.5516527500587683,-0.5835675439485174,-0.6063520867710923,-0.5970324648877513,-0.5676912915364541,-0.602713361369895,-0.6140148149798225,-0.5786616723943421,-0.5806705695256074,-0.5445475239616445,-0.5332612497003638,-0.4995152646853151,-0.4925809706925163,-0.46762923157331776,-0.4152938162367466,-0.32063118343234065,-0.31582282461275896,0.0,0.0,0.0,0.0,0.0,0.0,0.0,0.0,0.0
0.0,0.0,0.0,0.0,0.0,0.0,0.0,0.0,0.0,0.0,0.0,-0.7432020642963869,-0.7329733097810798,-0.644501936055152,-0.6029655340885747,-0.5904054017828072,-0.5773538307640427,-0.5245724692870882,-0.4417287787058054,-0.37629098503389474,-0.4098962499977146,-0.4347549201975341,-0.4413659337330602,-0.4368145727460264,-0.40379371853106366,-0.40974828203917657,-0.39124368156906186,-0.40951727703206103,-0.41185563476087705,-0.42606733642905803,-0.4381212274801475,-0.4529798838879684,-0.47469589461625944,-0.5168123976981764,-0.49486155370214946,-0.4676252914839869,-0.43043217175275594,-0.46761915796631276,-0.4950522469376353,-0.5121567831592984,-0.47618859847480005,-0.4844561413441907,-0.5395068139325667,-0.5383141518256249,-0.5516742164197271,-0.5046562088897574,-0.46420468131509945,-0.4483067639257148,-0.3728350283402756,-0.36140190219938434,-0.40387052323784217,-0.4292156488987349,-0.4619591218063777,-0.4862793589989852,-0.5211853131187706,-0.5262307411390532,-0.5690680422592412,-0.5871438149098319,-0.6006077053011848,-0.5397827081322706,-0.5436990117193329,-0.5737315458674361,-0.6066652576390433,-0.559525226067665,-0.5691500852207456,-0.5892136110143331,-0.589484885213103,-0.5513919961302387,-0.5127642083250589,-0.5089450862505664,-0.4868913094399399,-0.48658702119460845,-0.4772869695474803,-0.4150664872798965,-0.46385088743494324,-0.47992834233707876,-0.4408184187969264,0.0,0.0,0.0,0.0,0.0,0.0,0.0,0.0,0.0
0.0,0.0,0.0,0.0,0.0,0.0,0.0,0.0,0.0,0.0,0.0,-0.7194071699727379,-0.6950456952404747,-0.6305674076470316,-0.5832316146674279,-0.5827046328786003,-0.5627290911818567,-0.5403146146100681,-0.47566353244148585,-0.4476879280925378,-0.4288181710571646,-0.4896808498681295,-0.49126512059022476,-0.5067134549634229,-0.4756336698462602,-0.43663610682905113,-0.396498873284419,-0.38051959118573,-0.43464101716406356,-0.43954577880924106,-0.41871265100828026,-0.40961459057290095,-0.42009447929298127,-0.44964204945532354,-0.45595856002386537,-0.42742077010311863,-0.4821141704464285,-0.4624623031204716,-0.4345303110282021,-0.46372302562814305,-0.4913073959032909,-0.5538652786858287,-0.5350245948741542,-0.5149578692366189,-0.5559838706263994,-0.523906568758663,-0.49434389606559215,-0.49083358636820706,-0.41888772623832843,-0.4205411846348055,-0.4132269395745492,-0.37063964862286697,-0.448256531698195,-0.4851873420872978,-0.5122533717869733,-0.5117238901021304,-0.5794395005982107,-0.616321346384797,-0.6079109724133213,-0.5675078449509057,-0.5417760188959657,-0.6254052404399517,-0.6192490404932433,-0.5820207673865931,-0.561844600807824,-0.5400251390012623,-0.5206285921734818,-0.5039111216692914,-0.4940125122831493,-0.46235520675760466,-0.4274003237928069,-0.44359226013557335,-0.4427403089863133,-0.49570348986779944,-0.4965354153523565,-0.5318080886462159,-0.5717763919279618,0.0,0.0,0.0,0.0,0.0,0.0,0.0,0.0,0.0
0.0,0.0,0.0,0.0,0.0,0.0,0.0,0.0,0.0,0.0,0.0,-0.6329178798759134,-0.6836867445989833,-0.6580140480945127,-0.6197370268540545,-0.6020445334100424,-0.5481756416058069,-0.5116055835014826,-0.48412813492076195,-0.45752488587608986,-0.48413667376245745,-0.49993750156182515,-0.5307179633918766,-0.4718187430424026,-0.4255309814161535,-0.431206936933039,-0.40055976491960804,-0.3763760053488333,-0.41077268126509664,-0.43126650351329787,-0.417591748988447,-0.4397989667677791,-0.44101770458760303,-0.41638813134305425,-0.43336994721559874,-0.450662536629343,-0.466358693288674,-0.44254616029599136,-0.4998727562018492,-0.5290740002532611,-0.5478284311237489,-0.5985933836286966,-0.5997016131858877,-0.5840425037976051,-0.5677830095283971,-0.5303077835126146,-0.48064450476532344,-0.4940769480029274,-0.442525617549799,-0.4460870283348151,-0.4194081171303599,-0.38130185013167944,-0.42098413413274816,-0.46857624465069053,-0.5401381576828505,-0.5724224625542131,-0.5846388172863349,-0.6086399485114039,-0.6042519437837192,-0.6027010526918961,-0.6444452127770786,-0.6711694491057357,-0.6229547682298449,-0.5507076612709273,-0.5004987579839988,-0.47219881300585226,-0.46116026350611194,-0.4456459785245131,-0.4748021259758666,-0.43742559741506964,-0.3992721847199641,-0.4069666933168287,-0.4915853572104244,-0.5194873538377985,-0.509695086912674,-0.5520293212112026,-0.5910942176206783,0.0,0.0,0.0,0.0,0.0,0.0,0.0,0.0,0.0
0.0,0.0,0.0,0.0,0.0,0.0,0.0,0.0,0.0,0.0,0.0,-0.39477112867873887,-0.536098047639733,-0.5876312740691215,-0.6297971636718652,-0.6339708540713771,-0.6093250512493185,-0.5514221675760812,-0.4994119636651372,-0.45946849027576847,-0.47297759677736995,-0.4852159243666443,-0.5101546454903646,-0.48592212509792804,-0.47830996538317094,-0.5119812012585697,-0.4701348592373669,-0.3967738739971349,-0.3952891467624979,-0.4129271695236539,-0.4010901256114011,-0.43366836602652126,-0.4595908838935453,-0.43941186724035963,-0.41967912503610894,-0.4855402389090422,-0.5205053808194312,-0.5221147147389884,-0.5546533210392974,-0.5638815961579309,-0.5718486417173438,-0.6490047367294852,-0.6629832957261018,-0.6253434804584859,-0.6151095180024162,-0.5743999734870767,-0.5227069105162246,-0.46549634321687383,-0.457680012020401,-0.45503216357681103,-0.4823534349625954,-0.47306552198884044,-0.5040120267009175,-0.5371523940343073,-0.5401139434454587,-0.4965992252006161,-0.5221672327394604,-0.5919989093088025,-0.6322312799882815,-0.6497210192385215,-0.6936642748060952,-0.6469790008991072,-0.5667777356185102,-0.4884492082132116,-0.4505079474711357,-0.4647809380243102,-0.43880439591611226,-0.43505703273681007,-0.47616538299548294,-0.4273412664487276,-0.40627256981298704,-0.45220645625470474,-0.49623561082026496,-0.48237397343683286,-0.5443895810397064,-0.6382594449938608,-0.6581243678380454,0.0,0.0,0.0,0.0,0.0,0.0,0.0,0.0,0.0
0.0,0.0,0.0,0.0,0.0,0.0,0.0,0.0,0.0,0.0,0.0,-0.2717026638100488,-0.4991432261586803,-0.5546580279910516,-0.5924778419268395,-0.6244503194917045,-0.5907922038898585,-0.5389551843476044,-0.5497413119586317,-0.5257143875359243,-0.5019266270007109,-0.48680964755244066,-0.44027266943781507,-0.49857186803752607,-0.4471151642122304,-0.4556742189723947,-0.40130895239583547,-0.4034974719156578,-0.3773523415978886,-0.3566705428324676,-0.39109125951522716,-0.44204473556773677,-0.4245405689453879,-0.4093059753804765,-0.42767427745174097,-0.4451927592321662,-0.5031843036152671,-0.5164811076226941,-0.49794059778746835,-0.5376611331902851,-0.565283490805629,-0.5811046558883258,-0.6080969673028747,-0.6555722170291377,-0.6794686363391389,-0.6564968270143939,-0.6282693056341796,-0.5433699633782216,-0.508470011695818,-0.5029704409285696,-0.48366587591376786,-0.5364183309807624,-0.5633529330640488,-0.5619192943330952,-0.5633137957811644,-0.539619753763614,-0.5355914279572619,-0.5573243757674106,-0.6256631269392889,-0.6219032792138685,-0.6086997095808692,-0.6116088684057075,-0.5390893458126671,-0.45299185737078096,-0.44078245165029256,-0.41924427288722704,-0.43476321509639243,-0.44935123837957214,-0.45571711031359247,-0.43279490724338937,-0.44817178305129435,-0.4841046266974577,-0.5022638863228434,-0.4291369936526513,-0.42555196128484335,-0.38881713718742195,-0.25881675265292525,0.0,0.0,0.0,0.0,0.0,0.0,0.0,0.0,0.0
0.0,0.0,0.0,0.0,0.0,0.0,0.0,0.0,0.0,0.0,0.0,-0.16818635216107314,-0.4104154634522177,-0.5059104031254889,-0.5600627728747433,-0.5588427003852258,-0.5593279217946695,-0.5672963553405258,-0.583900725213656,-0.56601627040609,-0.5431995097298191,-0.49690387543102404,-0.5068957302840073,-0.47056938349465954,-0.40627571233330784,-0.3438350801671503,-0.3747909265250636,-0.392484616377859,-0.3687716114676152,-0.39332594673699034,-0.4301827730415626,-0.43455206323048406,-0.41380409067060425,-0.4686152367923393,-0.4883437898304471,-0.4748060252965538,-0.45728462712278556,-0.49765344971552034,-0.5686815101385904,-0.5893533724832072,-0.5600308498081238,-0.5523009491630368,-0.5710370785807662,-0.6685128950175604,-0.6929479031307677,-0.6788538974777792,-0.665065729700959,-0.5780284822679513,-0.5144849341941107,-0.4679002131065404,-0.4573014949240547,-0.47571208489373457,-0.5081486494870703,-0.5144209690408715,-0.5050447139743675,-0.524748196515946,-0.6104022888633556,-0.6359193441832047,-0.6324916099912162,-0.6205387050896232,-0.5975407854245108,-0.5407919175707772,-0.4831227511244212,-0.45194112617391496,-0.4361924407023701,-0.43354967696114033,-0.3960709775670231,-0.3886418167525816,-0.47530479634970185,-0.5202079590466617,-0.4551390516522628,-0.44785130296035547,-0.5210134688427165,-0.5171903022121875,-0.5105889912683925,-0.43806915636211063,-0.38108690459098926,0.0,0.0,0.0,0.0,0.0,0.0,0.0,0.0,0.0
0.0,0.0,0.0,0.0,0.0,0.0,0.0,0.0,0.0,0.0,0.0,-0.005587764724860698,-0.2806473673061342,-0.38192959151739586,-0.46397036730516295,-0.5059044390284847,-0.5610086834057472,-0.5925699621734843,-0.613072365275345,-0.5361104802413141,-0.5012043056146961,-0.5200782911250205,-0.5156008051618397,-0.4438971814665425,-0.39538658328203724,-0.39609372973494916,-0.37764582768670885,-0.351623989433481,-0.29542843989116563,-0.31729823366581644,-0.370583045723955,-0.43158478942347556,-0.44000153867011715,-0.49314684008058196,-0.4640454162934263,-0.4510841464172731,-0.4410275377874619,-0.49969778592130676,-0.5648554763459286,-0.5925114228795747,-0.572986480420025,-0.5686518254130615,-0.5420195753519986,-0.5828070961752937,-0.6445148114662181,-0.6434027135937885,-0.6366920434990171,-0.5419275828820627,-0.42896240060235985,-0.3725660376553651,-0.3527147224981635,-0.3840377341352806,-0.4139542288128285,-0.4341783596250091,-0.4413062718110769,-0.4870601067167397,-0.5625848056012098,-0.6103801455515736,-0.6252163451912706,-0.570838530370019,-0.5439463533566131,-0.4919422897301404,-0.45098865244734776,-0.4340306828124666,-0.40011196533527826,-0.4025421171676727,-0.40564426723676894,-0.41521624506833926,-0.5015797052071024,-0.530837282732054,-0.5178550550219863,-0.5330909988086756,-0.5453015517721224,-0.5889916277922066,-0.6023408996761596,-0.5864049697172538,-0.5253457617983215,0.0,0.0,0.0,0.0,0.0,0.0,0.0,0.0,0.0
0.0,0.0,0.0,0.0,0.0,0.0,0.0,0.0,0.0,0.0,0.0,-0.456322007805739,-0.5200774777113533,-0.5000303422134661,-0.452482003703073,-0.45003073042017766,-0.5153817542894914,-0.5574944857137956,-0.5200140227749807,-0.49729610528852847,-0.5003089672915196,-0.4701162917582842,-0.4789077465794121,-0.42217909065236475,-0.426380175136737,-0.41971570680401216,-0.42781864613762416,-0.33748877404346656,-0.28404678809732076,-0.24799305279435546,-0.246462396051048,-0.25465855151290706,-0.33233683340941067,-0.393619534508051,-0.41032980837319805,-0.42598103518145936,-0.42679572045944714,-0.48497643065664425,-0.481770215671487,-0.4946366297703104,-0.5145444165728862,-0.5258223424520874,-0.5142465948005278,-0.4833814257004712,-0.5259798604779661,-0.5633208459147502,-0.5647280513225338,-0.4620017183702431,-0.3800077986236359,-0.436721836921528,-0.4316158663406589,-0.43653001963480903,-0.3968249256445361,-0.42373645331752763,-0.4560559508042637,-0.49945748115468075,-0.5028046148806182,-0.5313135592676097,-0.6096145556004666,-0.5795066210445154,-0.5145340138761754,-0.45755973679882156,-0.46501182429156823,-0.42476143679861045,-0.390196977772223,-0.40501961248800594,-0.40828843334272313,-0.4572449431796902,-0.5041524488744522,-0.5417470181977337,-0.5647788279462891,-0.49357693234090216,-0.5628724375879973,-0.6270774349820526,-0.6623339172998024,-0.6843448908421651,-0.6580088855603753,0.0,0.0,0.0,0.0,0.0,0.0,0.0,0.0,0.0
0.0,0.0,0.0,0.0,0.0,0.0,0.0,0.0,0.0,0.0,0.0,-0.46197514912099946,-0.5322885736458695,-0.5767538059723448,-0.5732108167121648,-0.4919254525921325,-0.45263111445843884,-0.4562512439094775,-0.44095301422711847,-0.5122786876980073,-0.5381467717361914,-0.5335444228579547,-0.5093822453749062,-0.45087380992079473,-0.3877062696603266,-0.36804771640876693,-0.3448410021422802,-0.23082621576266393,-0.18832016857361294,-0.16710114358484815,-0.18727862029297576,-0.2799547163810043,-0.2848249658237731,-0.35639590051648345,-0.4152705879431089,-0.44764495119232894,-0.44968254444626565,-0.44691280784789333,-0.43922735547800384,-0.402573299851781,-0.424967914079774,-0.4574126060910517,-0.45513164692281477,-0.4644904326932762,-0.4767862439315446,-0.4855478070141032,-0.44852114338666926,-0.3577815960187322,-0.4241427824328208,-0.3768285060499834,-0.3444225663904952,-0.35156737584075975,-0.3720619016465819,-0.3805143799440873,-0.4365540309325224,-0.4771618998844125,-0.49665447332172014,-0.4791214183669573,-0.5151139760144384,-0.5172378557335245,-0.4669018336798323,-0.4664662596711154,-0.44152589576341184,-0.3928576058716886,-0.37424097729626415,-0.41459910535852146,-0.4019264058316974,-0.4550953802854484,-0.4937490284118475,-0.5056544294875772,-0.4839983112580291,-0.5727788139042371,-0.6014379115533078,-0.6300435865343144,-0.657024600243921,-0.6886055323211162,-0.6510894487223539,0.0,0.0,0.0,0.0,0.0,0.0,0.0,0.0,0.0
0.0,0.0,0.0,0.0,0.0,0.0,0.0,0.0,0.0,0.0,0.0,-0.43843213003099674,-0.5143724168566034,-0.5322668403533436,-0.5275453058518528,-0.5295333569408395,-0.5007799612400978,-0.4422831934447953,-0.5038617436079239,-0.5487226365493265,-0.5858298926852914,-0.602923446066504,-0.5176778877156994,-0.3698264924482508,-0.40903582905966673,-0.4882055921358403,-0.4588499097931267,-0.4125044636162152,-0.3488775049598786,-0.3256341458677878,-0.3293804528014396,-0.3635332862770416,-0.4972781491803984,-0.4814770877803332,-0.41148607685575633,-0.404467360456969,-0.4386983826631696,-0.44309830812251133,-0.3837958048032203,-0.32167967072044273,-0.37208881203685984,-0.433323839475113,-0.42065651760432277,-0.42247250334673997,-0.43504417862099043,-0.39005432574141774,-0.393173405698243,-0.4452164602964735,-0.47815661643819063,-0.45565783717485014,-0.4347597461617366,-0.42519658627573753,-0.3895128051335363,-0.3794718233397558,-0.3587267386602963,-0.4335552107411688,-0.4664669485852897,-0.4795636912808717,-0.4565261970323977,-0.47180466670754007,-0.4480626909270737,-0.39444380228195336,-0.4511681251773229,-0.4618341661860879,-0.4453506263665114,-0.4475779967117302,-0.4335020046268019,-0.44078262841443167,-0.4799013340949089,-0.5421849266797915,-0.48618185990275614,-0.5476348129810484,-0.5670177708087263,-0.7030183115698645,-0.737986862665653,-0.7636360188551159,-0.7622110394393309,0.0,0.0,0.0,0.0,0.0,0.0,0.0,0.0,0.0
0.0,0.0,0.0,0.0,0.0,0.0,0.0,0.0,0.0,0.0,0.0,-0.4948466859607297,-0.5462093638727757,-0.5874312591664653,-0.6043113534769221,-0.598508566407748,-0.537727255742586,-0.4994014810974918,-0.538635027679054,-0.5581002328652795,-0.534480352337136,-0.5256441102402536,-0.44055936755612485,-0.4202939305595226,-0.45428433769291865,-0.4794720514051091,-0.46175703915464494,-0.4190622710133424,-0.3820156006581955,-0.36850555614579455,-0.35234682034567516,-0.3945076386434418,-0.4379971940252279,-0.40357607909271986,-0.39335090275081125,-0.4494648755914363,-0.42149746759278517,-0.4101482209640639,-0.3862757098302553,-0.38695637168802427,-0.36100828825801384,-0.38588123984777695,-0.35627789485486394,-0.3691956023201083,-0.3836059944062767,-0.36251788084462866,-0.39011304748669434,-0.43730684211299675,-0.4570069315158727,-0.4299208294368895,-0.41413161045960545,-0.3299927906595621,-0.39758156736195427,-0.4246593865322902,-0.4044486672546966,-0.4000216499025024,-0.48697519966219527,-0.4774503187819847,-0.3802876347202604,-0.3913269088876051,-0.3460051315781992,-0.35373835789112207,-0.3860412470247751,-0.4514600794508281,-0.45133099012654004,-0.44972648803815424,-0.4054752508606847,-0.37904761407841403,-0.4327047724785565,-0.49624633724962053,-0.5613104209231824,-0.5269388778600598,-0.5292099902414522,-0.641345325085339,-0.6828444186326887,-0.7111413227718306,-0.6994608477054757,0.0,0.0,0.0,0.0,0.0,0.0,0.0,0.0,0.0
0.0,0.0,0.0,0.0,0.0,0.0,0.0,0.0,0.0,0.0,0.0,-0.5100967025749904,-0.5843070272332083,-0.6359675976478936,-0.6624389400090087,-0.632865542123196,-0.5701940919346542,-0.5065063183063533,-0.5493214737505318,-0.5404715263501793,-0.539096892521863,-0.5344898443935431,-0.4956501961309811,-0.5460046992044005,-0.5400641418944266,-0.48078024414485077,-0.45874542377969313,-0.39069880291056525,-0.39261038475402854,-0.40626437009852745,-0.3960741560870285,-0.4051868150352384,-0.391689562628302,-0.42855658770500255,-0.4258503147720053,-0.44104270657837036,-0.4144671544996923,-0.4293006938601168,-0.4263444412207224,-0.3894329269044779,-0.3539236977538014,-0.3125885851682825,-0.2794736575379766,-0.2869501666208439,-0.3000070537128877,-0.3056264714678534,-0.2906087675325533,-0.2768825648863505,-0.3178130467075981,-0.32334926734459957,-0.31317574340242044,-0.2998495623701826,-0.34278481483564854,-0.3410858128572706,-0.38954234083694544,-0.3760587144316681,-0.3910287315578502,-0.3635878030962752,-0.3461923476946162,-0.3353775396817735,-0.3603490486188814,-0.2982361791360671,-0.3359570182975777,-0.3983070878844278,-0.428705840377555,-0.4127169190803375,-0.37543568366983693,-0.3575930713570182,-0.45063939797285174,-0.505241682715011,-0.5378978950081252,-0.5431679306336717,-0.5155428575733471,-0.580841533113703,-0.6354064432381024,-0.7032456709582404,-0.7386359250597916,0.0,0.0,0.0,0.0,0.0,0.0,0.0,0.0,0.0
0.0,0.0,0.0,0.0,0.0,0.0,0.0,0.0,0.0,0.0,0.0,-0.49513162808219735,-0.4631209261883715,-0.5180650908800498,-0.6015460737326577,-0.6490794298989048,-0.6645093646741203,-0.6025574816417639,-0.6006621302190608,-0.5987007409478796,-0.6094047252723032,-0.5910802320511835,-0.5291282693660018,-0.5252110607172692,-0.501773685529485,-0.5795266020433811,-0.5505957281642603,-0.4751644149495771,-0.4128675093473234,-0.39106522101399127,-0.3815140419446074,-0.3911288246676504,-0.4432612634596417,-0.49822491953706427,-0.5239760489075812,-0.47622492276199996,-0.45186085766986467,-0.3689545733906498,-0.32286793900887334,-0.35898670027947505,-0.32647063744478216,-0.22508051478493774,-0.24004922887878702,-0.22635097024569956,-0.23023068568321003,-0.2570343583322306,-0.26036394289232306,-0.27004383549729083,-0.2997286754787893,-0.33491978366494696,-0.34102176252314115,-0.32703196860000056,-0.3443608724855189,-0.4023357141987498,-0.4432486928214311,-0.37595737648971733,-0.3627080229075678,-0.3064656721266049,-0.33127715197241936,-0.3553468781454519,-0.31606840550874754,-0.30446691371126666,-0.3226960478128869,-0.36457788764945553,-0.3907039084464456,-0.43692765928815963,-0.410220497574702,-0.44581631242382136,-0.4772166487684096,-0.5167148080611796,-0.5293317802163868,-0.574904361723893,-0.5302692154265417,-0.5639404364868208,-0.5859940794935383,-0.6355007016117211,-0.6827464609158448,0.0,0.0,0.0,0.0,0.0,0.0,0.0,0.0,0.0
0.0,0.0,0.0,0.0,0.0,0.0,0.0,0.0,0.0,0.0,0.0,-0.7329415206376817,-0.5971622420127183,-0.5895018363868676,-0.6127877960654703,-0.5949250096839763,-0.5890177812956786,-0.603323575775009,-0.5538973925261963,-0.533911619614591,-0.5530223519079953,-0.5762030245073492,-0.5389644030806766,-0.513476688406077,-0.5059255960538118,-0.5235557437597839,-0.5507302163364511,-0.5224333106224417,-0.4675151408740446,-0.45939048964552415,-0.44920844900160384,-0.4792992440366614,-0.4945455094988606,-0.519344952320686,-0.5503552572127529,-0.6066664534176903,-0.4975683828364593,-0.45703999364660514,-0.41922248065728024,-0.3706134407457693,-0.3305652653153404,-0.2922271772934165,-0.3089122407587341,-0.263226951490893,-0.24564892935035443,-0.23871599904411642,-0.25635419911873353,-0.27347309784028945,-0.29588879555310005,-0.38017004288562906,-0.37066270694275255,-0.35361975176512767,-0.3632501960790711,-0.4250723471907553,-0.5073717071740961,-0.45357628285274215,-0.3886092091739963,-0.34795392691230065,-0.2927345576217058,-0.3084580954709042,-0.3457069569518735,-0.4180175608550553,-0.42042912410576877,-0.3382273961906235,-0.40230954267416996,-0.4435923907427897,-0.4563202645412791,-0.5219434265642537,-0.5577082050526009,-0.565596819182904,-0.4919710523655904,-0.5721871394942064,-0.5720919752236211,-0.5559262961845668,-0.5591599623361725,-0.5637240290698524,-0.5484000988395191,0.0,0.0,0.0,0.0,0.0,0.0,0.0,0.0,0.0
0.0,0.0,0.0,0.0,0.0,0.0,0.0,0.0,0.0,0.0,0.0,-0.6792163172832969,-0.5616499173770211,-0.5286694952659771,-0.5264922065902,-0.49767310665925146,-0.4699939104219435,-0.47621749645823536,-0.4768067243655185,-0.4766981166214084,-0.5128980581552207,-0.5480017355117536,-0.5323691487453328,-0.5271630161840288,-0.5630344068731159,-0.5696355516376542,-0.5434637872809421,-0.5521621799936987,-0.5139361273402854,-0.49634105196690237,-0.47195719563685173,-0.5230423844907707,-0.5364015150164673,-0.5651624034925014,-0.5755097823388549,-0.5672504367324117,-0.5332121388695289,-0.505769893141022,-0.5153277099909855,-0.4901452874041497,-0.46463397695506475,-0.4222967626384772,-0.36548964332288986,-0.28654845028550774,-0.19300984945743296,-0.21157269468636475,-0.27182901836903844,-0.29694156365389834,-0.319172184188955,-0.3797177262462222,-0.42955566825618097,-0.40748837792149273,-0.39064029818289625,-0.44305848112705254,-0.4705122648562035,-0.4418610021951045,-0.3623364174813799,-0.32002748327296887,-0.29913080523273133,-0.2629350285915355,-0.33469958772388186,-0.28901924303701804,-0.2973418697916428,-0.3149519457067175,-0.31774125244695367,-0.4046399645032219,-0.415374351790633,-0.5131243933959593,-0.5373927519692638,-0.5710460643837559,-0.4937576762935899,-0.508572149883928,-0.5246108134285218,-0.533039933469632,-0.5234860687973644,-0.5011774994098864,-0.47150617869928757,0.0,0.0,0.0,0.0,0.0,0.0,0.0,0.0,0.0
0.0,0.0,0.0,0.0,0.0,0.0,0.0,0.0,0.0,0.0,0.0,-0.520872899992195,-0.49886161722531175,-0.46742809818839226,-0.39625076936703413,-0.3831006857854399,-0.41322496743590886,-0.39946157844823177,-0.4552250415859131,-0.48877626155887743,-0.5174061943551753,-0.5627155663422095,-0.583011015546748,-0.5519746495223742,-0.5409078599708592,-0.5846472901810227,-0.5706511639701944,-0.5777607231213029,-0.5531341258956018,-0.483926170649552,-0.4736252835648012,-0.4916391836095974,-0.5130543850351003,-0.5904549989732896,-0.6108201113377149,-0.5262632017393687,-0.505667057974034,-0.5376756641466743,-0.507881377754998,-0.47440673020538915,-0.43724914013023164,-0.3772178400303678,-0.35840775596022373,-0.2983847475922483,-0.2010738619581913,-0.22359400295028348,-0.2821759339493874,-0.3210074074246492,-0.3538281654972133,-0.36513433412530283,-0.41929148409508976,-0.46865285205520013,-0.45914872599919915,-0.5265723655052741,-0.48066922061204514,-0.41097496988590265,-0.3507467813137259,-0.3331127101048029,-0.22657430785057597,-0.21861048088926682,-0.279622543588262,-0.2617713492973851,-0.28472020372162726,-0.26986592981550117,-0.31339460483308923,-0.334547075231242,-0.4201377986258451,-0.5212185131955848,-0.5504652396678176,-0.5065207560733274,-0.49559953028171644,-0.4613292497822461,-0.49830965187342713,-0.5052498462919182,-0.48846539774879666,-0.511978921446908,-0.4942274112100057,0.0,0.0,0.0,0.0,0.0,0.0,0.0,0.0,0.0
0.0,0.0,0.0,0.0,0.0,0.0,0.0,0.0,0.0,0.0,0.0,-0.31525908386045354,-0.35497923153810984,-0.3660340627768732,-0.3292181867981629,-0.3451049276759507,-0.35991900789651876,-0.3860041494333178,-0.438756148818451,-0.5214149940430017,-0.5279940386108809,-0.5870116125920186,-0.5819390573866056,-0.5552952016943055,-0.5671401085704636,-0.5375799258853372,-0.576203307993182,-0.6198002438198426,-0.5485390914241286,-0.46819446338500403,-0.47432668200787015,-0.5117119473444609,-0.5334312741268614,-0.5601582628359625,-0.5030767573318949,-0.5042206710922174,-0.5610392964347213,-0.5538163299146481,-0.5332251130468414,-0.49385512459339215,-0.419909243432507,-0.33984547089201583,-0.33668903500553865,-0.3309183524445273,-0.2966323798406251,-0.29015269483305645,-0.3490163849079687,-0.33177148874192275,-0.3435942725327545,-0.38277662317837263,-0.44819224492315474,-0.4898438204376947,-0.5397558568246994,-0.5116178932736486,-0.42273397494710196,-0.4156047598423282,-0.39624809840800923,-0.31347840819135114,-0.2004088336474924,-0.19057811723496226,-0.24759130739456603,-0.34465854021338266,-0.30200436913183326,-0.3133492475600602,-0.3720719510850881,-0.3526272706470065,-0.40840032935133075,-0.5301147157183508,-0.5504716540622666,-0.5024794125075357,-0.48248765450570313,-0.44570203382035933,-0.42660433454784347,-0.5130617036410174,-0.4855927939066995,-0.4852190723795818,-0.4626792362004392,0.0,0.0,0.0,0.0,0.0,0.0,0.0,0.0,0.0
0.0,0.0,0.0,0.0,0.0,0.0,0.0,0.0,0.0,0.0,0.0,-0.38125755452151666,-0.3512122488316231,-0.3456359988152113,-0.35508372462070553,-0.3316917847698251,-0.3266547829482618,-0.33804252383063454,-0.41449998379448216,-0.47773763590172885,-0.5382018892144426,-0.5884317590748038,-0.5697090866833366,-0.5993116428900654,-0.5911131649871701,-0.5710893969272213,-0.5512359803554706,-0.5417223599425885,-0.5010145005957991,-0.5707562377096325,-0.5264344456711422,-0.5075857223119459,-0.518380077677347,-0.5102886776669565,-0.5230324733137557,-0.5041657907038819,-0.5249883135203273,-0.498810175996972,-0.4757879622294688,-0.46922631957820676,-0.4249078054314017,-0.3455417614884028,-0.295472517566435,-0.3151788018532571,-0.3115239811292778,-0.37238759932429133,-0.38508209183439224,-0.3869735140942805,-0.37202341702932434,-0.3866247594949904,-0.4472658607691704,-0.4815664149189689,-0.4970278718420512,-0.469463788113209,-0.4514954807891132,-0.408459134185918,-0.39857171376810474,-0.38607963096176623,-0.30435988465580893,-0.32877406036885076,-0.3897528212269882,-0.32227527535119654,-0.2703217566212563,-0.31306256442501307,-0.3984213941309099,-0.3859132574529203,-0.4298076426746372,-0.49020675976758066,-0.5314973774619612,-0.4982386683609384,-0.4798116633051897,-0.4614368392678853,-0.5028477759533635,-0.47339664954610194,-0.4618806572544817,-0.4795450860511124,-0.5609241353970621,0.0,0.0,0.0,0.0,0.0,0.0,0.0,0.0,0.0
0.0,0.0,0.0,0.0,0.0,0.0,0.0,0.0,0.0,0.0,0.0,-0.4003586317166996,-0.33198736791989203,-0.3102962898515364,-0.3173757873669217,-0.30204953432020726,-0.29119619091832527,-0.30947476155613346,-0.3822406929768771,-0.41346640213214825,-0.5062564058046994,-0.5127974889563828,-0.5422556122100711,-0.5693213662389193,-0.5417913440709389,-0.555036332915834,-0.5361931207224241,-0.5169773170090347,-0.5267374351627646,-0.5102020328245858,-0.5414543733226848,-0.4973571267336982,-0.49748359776011114,-0.49442112888157974,-0.49869223683066327,-0.5198581203044443,-0.4976048805439522,-0.45480758519109565,-0.4539320262265978,-0.44814950500839906,-0.4123260108342931,-0.3779800433226864,-0.3435505209148433,-0.36289737180203924,-0.3815224339276101,-0.4014753253740057,-0.43256986152143817,-0.41470543892070577,-0.43995717085172736,-0.470867991849561,-0.4923644405295779,-0.4901290066498425,-0.5019014754620928,-0.47385312943091173,-0.4195027415810398,-0.39743925975239874,-0.41708229098034105,-0.4236872417016651,-0.3644014390235476,-0.3448055276679566,-0.3628875756220045,-0.3046825035474664,-0.2784545881022508,-0.3396676352013287,-0.3762774235321315,-0.40395055925982737,-0.4457488442050102,-0.4586414958931599,-0.4782248135358841,-0.47695873011513185,-0.4946173942147047,-0.5023730001213009,-0.5834042989626683,-0.5850846174543957,-0.5387614653393721,-0.5411716150996969,-0.5908010027066274,0.0,0.0,0.0,0.0,0.0,0.0,0.0,0.0,0.0
0.0,0.0,0.0,0.0,0.0,0.0,0.0,0.0,0.0,0.0,0.0,-0.20313683672651506,-0.23151019657455515,-0.2144842455510545,-0.21306948789309613,-0.22083625807990623,-0.2794572978638342,-0.326459914981776,-0.3392174878949394,-0.40627434449822036,-0.441280157699283,-0.47894083292727613,-0.49118629800178054,-0.5224023682411404,-0.5336222157115088,-0.5383431432486184,-0.5222771446264263,-0.5070789712804338,-0.4862786668100826,-0.4862874346294287,-0.4897911513527144,-0.48979248213427684,-0.4665449126440627,-0.45450231086867876,-0.45519405112430517,-0.48347698627229374,-0.46154256164159535,-0.41476034844441007,-0.4042235226635197,-0.3754779459307703,-0.3642998258658245,-0.4021211094343511,-0.4029813583135709,-0.3992716897145908,-0.3935716614768128,-0.42069297449230736,-0.4523970561137095,-0.4274918198203139,-0.41913203049681014,-0.42248046181635873,-0.39404079494580263,-0.4055975017743426,-0.4250462065927656,-0.4349850290981881,-0.4678147438473546,-0.4582312467059322,-0.4737503465891775,-0.4385706600863921,-0.4130478862285107,-0.3418947445331263,-0.36423418136869007,-0.4184220555472234,-0.4088823695721197,-0.34139726026145095,-0.2726554239755828,-0.3574433044564555,-0.43914058442950105,-0.456771919623297,-0.44847507269433945,-0.4640829037400617,-0.5316794775233042,-0.5737846497587251,-0.5956906016069027,-0.5617401879541599,-0.5533925881306206,-0.5309875654517284,-0.5680880196112359,0.0,0.0,0.0,0.0,0.0,0.0,0.0,0.0,0.0
0.0,0.0,0.0,0.0,0.0,0.0,0.0,0.0,0.0,0.0,0.0,-0.2374904653877128,-0.24778309422231604,-0.2175834527944671,-0.26414610250172704,-0.3118270671045391,-0.37942033707032147,-0.38296122635910856,-0.35156298091927707,-0.3324212467000919,-0.3614850652414589,-0.37965290038285987,-0.4273137735737821,-0.44801485299331095,-0.4711215496907608,-0.4698998593258523,-0.45661304713726614,-0.44299576021534354,-0.4547062485277602,-0.5108477414755994,-0.4722096229094784,-0.455621158305367,-0.4513666318204176,-0.46447734969113813,-0.4160528761411854,-0.43729391117755095,-0.43675337445451157,-0.4335387689416483,-0.3966259364055723,-0.3413063490339342,-0.3324928651723715,-0.3528209778683094,-0.37380404297189296,-0.42019368151964465,-0.3820849764683254,-0.3516534936412479,-0.36956342233977557,-0.3918780222595548,-0.44092518164545313,-0.4492928808644674,-0.44069379484126525,-0.4166405255341073,-0.4197545105361735,-0.4561977858045774,-0.48836514903142303,-0.46849658520122855,-0.47326079738330634,-0.4573255047664888,-0.4862690250955292,-0.38544965533104936,-0.34761295791648633,-0.4334170042105583,-0.440801003337365,-0.36405612212856675,-0.31893755166190246,-0.3993880859665838,-0.46133780847212646,-0.5138925962120123,-0.5122231089093761,-0.5068977600627089,-0.571417431880789,-0.5828458984623252,-0.547767210663689,-0.529214265345869,-0.4961159081801992,-0.49933606419533483,-0.49407603958880963,0.0,0.0,0.0,0.0,0.0,0.0,0.0,0.0,0.0
0.0,0.0,0.0,0.0,0.0,0.0,0.0,0.0,0.0,0.0,0.0,-0.2477548566429079,-0.30722008037176723,-0.3551734533718736,-0.3742621770572034,-0.40896685145204115,-0.3777028372484086,-0.37200372133003146,-0.3643341412186971,-0.3853862432710775,-0.36929091942479997,-0.37911556503044036,-0.4135472200941929,-0.4551632179380921,-0.46217413690790843,-0.5064471262125297,-0.4697770762781369,-0.4097759331230159,-0.4447659058783097,-0.4659049135871156,-0.48199943552688346,-0.45600165058408904,-0.4403648448660268,-0.49764707465620295,-0.4761818950309769,-0.4375072702929217,-0.4559653144455554,-0.44068368332016306,-0.4399343902757423,-0.4695397041450467,-0.36665132534508643,-0.3448269970584106,-0.38953761907489276,-0.3566892250651209,-0.3025164463521976,-0.34398083776546773,-0.3482964523743653,-0.37918104791659446,-0.43660396836258947,-0.39775002818277333,-0.43201999992580725,-0.41571732062964417,-0.43686024031748827,-0.4519713287328028,-0.4926328694113302,-0.511895380420202,-0.4928061583597369,-0.47705237919084825,-0.4783971989032298,-0.4256129287139357,-0.3504284160361636,-0.40839113550549233,-0.4520835452408781,-0.37543075050201163,-0.37393201883628885,-0.4087367556218231,-0.4847978873282104,-0.5123149352273868,-0.4966085203163898,-0.47984546575671116,-0.5209859152287879,-0.5377173579481975,-0.5307829266036901,-0.479425155463384,-0.4286076308447418,-0.4361767617078536,-0.4223388877256406,0.0,0.0,0.0,0.0,0.0,0.0,0.0,0.0,0.0
0.0,0.0,0.0,0.0,0.0,0.0,0.0,0.0,0.0,0.0,0.0,-0.19556800262615795,-0.27883309596640465,-0.29527090029109565,-0.3477433873435971,-0.3511798717853914,-0.3785136425369506,-0.40316790872513003,-0.37704169505900936,-0.4049659053943346,-0.40505412212505404,-0.4166161329981336,-0.4729707273998073,-0.4498104209951526,-0.4562462131055867,-0.4455845338891052,-0.47394436920107424,-0.43708364643467545,-0.44204593794733327,-0.48375646946462847,-0.537003849017151,-0.5920781584557524,-0.5614131728406097,-0.5718537728234747,-0.5670929449482244,-0.4986866107315942,-0.4337212103655215,-0.4068914365161948,-0.40946385130484453,-0.4232285621312027,-0.3916576237766283,-0.4030648405924557,-0.37770234517695256,-0.35074591617776196,-0.2980399086247681,-0.2906773320464485,-0.35955092124235766,-0.3476331382668921,-0.36686586169745666,-0.3821833142834484,-0.41397905692894144,-0.41106156298179936,-0.4222912291840442,-0.48648593348987185,-0.5282114560694319,-0.528678948246712,-0.5564939656719073,-0.5512924628483375,-0.5479847198247738,-0.48602470941444925,-0.41319232779569853,-0.40979504925994725,-0.42706085498022706,-0.4344399152297668,-0.4147291252878712,-0.43120681680126594,-0.4781389312273382,-0.47255942261789247,-0.45829545115363846,-0.45995373059709793,-0.48482815113898703,-0.5004645358819803,-0.4728231430037973,-0.4507880537592566,-0.44896834090272497,-0.49465084044625285,-0.5029880822315976,0.0,0.0,0.0,0.0,0.0,0.0,0.0,0.0,0.0
0.0,0.0,0.0,0.0,0.0,0.0,0.0,0.0,0.0,0.0,0.0,-0.05753631874412037,-0.21485870819194366,-0.2944548861201202,-0.3237641209983664,-0.3402440958861034,-0.3611889583846407,-0.40447354154444715,-0.4378857860490845,-0.4761269036305659,-0.4397737527115023,-0.39955027898316425,-0.41479542793443636,-0.44396584666316014,-0.4653617099273827,-0.46449328728535033,-0.48955657425617516,-0.5009959334076434,-0.4883744165932642,-0.49984248648215496,-0.5487453808819435,-0.5862761787169913,-0.5963778653070217,-0.633688055484663,-0.6443986709745971,-0.6161159498881331,-0.5328741392989759,-0.43846014201782074,-0.410369579312154,-0.4053257918736273,-0.44292746968356456,-0.46863573957918536,-0.3791424292411919,-0.2716557852705714,-0.29693172750049873,-0.37631668273439034,-0.3979578783214084,-0.3849579983833411,-0.3956925112484623,-0.3767216435145304,-0.3850205405092194,-0.462885811655876,-0.46646692755809566,-0.4879960223055289,-0.5345580188357729,-0.5372102937585509,-0.583076269129243,-0.5810627710994132,-0.5550732067848243,-0.5591429817466808,-0.48939357952580964,-0.45670700784075574,-0.4630518798827192,-0.45118057805373907,-0.4792651571354343,-0.48916306076655774,-0.46936795443353824,-0.4446572925544953,-0.3853476673744596,-0.43020334064378396,-0.45647123719728805,-0.4271449235943683,-0.4228518999406548,-0.38449287266208854,-0.41350309439990074,-0.4780748145769471,-0.5420563735661393,0.0,0.0,0.0,0.0,0.0,0.0,0.0,0.0,0.0
0.0,0.0,0.0,0.0,0.0,0.0,0.0,0.0,0.0,0.0,0.0,-0.24362058181641855,-0.38799148543729195,-0.5168799997432019,-0.4786983978056713,-0.451037358065775,-0.446325632276257,-0.4426224006138217,-0.4537889226279725,-0.4433607000231897,-0.40295767294121315,-0.42727939775750934,-0.4143732537566934,-0.42436099891071033,-0.43380000434205757,-0.4460612053336728,-0.4611611387627855,-0.5009054445475709,-0.5923392426421272,-0.5887363638392729,-0.5623337561086325,-0.5512936638376691,-0.5706664944608788,-0.574463207873226,-0.6396455349171312,-0.6311963506800344,-0.5918566212526897,-0.5091954114659889,-0.38189569224171643,-0.4141415229595972,-0.44002486121789275,-0.38707990359547073,-0.3418812829607042,-0.3213352836327414,-0.33542005001848113,-0.3978905154023171,-0.3880364692064136,-0.3951192698799182,-0.4259558726528451,-0.4508381383274419,-0.42765124342665894,-0.47110603424439657,-0.5053467687669099,-0.5347413732606099,-0.5280700891361954,-0.5389450114723755,-0.5712754786684726,-0.5660787634569096,-0.5602327971998607,-0.5469856811824213,-0.5368792939754897,-0.5306374094346452,-0.5421690386171334,-0.5348178057511486,-0.5358000560194897,-0.524323676216236,-0.3989024325887098,-0.39283207405317716,-0.3952830402358721,-0.416784148329554,-0.4347478843455951,-0.4380473545879988,-0.4133268456315159,-0.3555721902945823,-0.3656964674965484,-0.39514574322217577,-0.4456483466543671,0.0,0.0,0.0,0.0,0.0,0.0,0.0,0.0,0.0
0.0,0.0,0.0,0.0,0.0,0.0,0.0,0.0,0.0,0.0,0.0,-0.3921505124975403,-0.5627939856828553,-0.5798242861544343,-0.5587960818146989,-0.5188319047706778,-0.5023796044157008,-0.47612380318467423,-0.4358862838679595,-0.39340048969199687,-0.4558708304897761,-0.45430260305770837,-0.40589625127657836,-0.3874887564018499,-0.37158354579288283,-0.38832990775694964,-0.44025449659229476,-0.518536296664079,-0.5879426963593855,-0.6629153101434847,-0.5941415595987106,-0.577914963242643,-0.6217874684914854,-0.643641186053024,-0.6348910376027145,-0.6295931308468466,-0.6121545553991444,-0.5880707638140253,-0.5446570739120588,-0.4553635621218045,-0.38250870133149933,-0.2955769873137412,-0.3041333024289359,-0.32825371329284103,-0.3348661185717616,-0.3526685834308626,-0.3449209236385068,-0.387083768762514,-0.40203769314781823,-0.4581597656348387,-0.48614533421088746,-0.5127433978924544,-0.5122568650298889,-0.4900844356327395,-0.5253957533826487,-0.5353731325316112,-0.5481384718650295,-0.5408655258802714,-0.5303754186021421,-0.5463868129291973,-0.5804081826197028,-0.5813896286828035,-0.6152848165418532,-0.578999060766782,-0.5682324953200725,-0.47592426408925975,-0.4325024939021161,-0.48566138326687686,-0.4969050388895913,-0.47978473643670133,-0.49788410934048677,-0.49365339211204157,-0.5073390353698458,-0.4894194696044576,-0.5017146162385786,-0.4790140253918604,-0.5643261460795809,0.0,0.0,0.0,0.0,0.0,0.0,0.0,0.0,0.0
0.0,0.0,0.0,0.0,0.0,0.0,0.0,0.0,0.0,0.0,0.0,-0.44398336905394004,-0.6225835551117488,-0.6214112034381634,-0.5674939408517707,-0.5309397972672569,-0.48704447215748553,-0.45099337583488913,-0.4171886682409111,-0.3950516695726951,-0.4668463007279599,-0.4681443057035536,-0.42836455201748813,-0.40284425234231347,-0.3945283586472293,-0.3340188270890925,-0.38133894871400964,-0.47623187685041735,-0.5257390907767743,-0.5790708291594925,-0.570617704293537,-0.5113858165591251,-0.5180495928231116,-0.5530555981153603,-0.5660177128307943,-0.556723163366332,-0.5864079713145881,-0.5557908240094097,-0.5248241275393499,-0.5060239199491329,-0.4442672508701552,-0.39406510774982906,-0.37771698138880744,-0.34302715531348144,-0.3341702971986075,-0.30419880145839695,-0.3023880388593858,-0.31908498696653603,-0.37451548073063884,-0.42417798233135673,-0.482334021323389,-0.5114433026469442,-0.472265211669033,-0.4178630216571368,-0.42500400571140284,-0.4458019442006626,-0.5569830159881273,-0.5610746703096139,-0.6129244374774855,-0.5243649373566162,-0.5106642437004628,-0.5133238084412016,-0.5309491975114956,-0.5423431644326606,-0.5280441800233906,-0.5048924834655885,-0.5907250618642979,-0.5736812933528938,-0.5606506449774377,-0.5892738422591172,-0.5433212257634452,-0.5444260324410786,-0.5681030979721182,-0.5821969479789587,-0.566231672161264,-0.5173904809931222,-0.6489367673819224,0.0,0.0,0.0,0.0,0.0,0.0,0.0,0.0,0.0
0.0,0.0,0.0,0.0,0.0,0.0,0.0,0.0,0.0,0.0,0.0,-0.3920885547062267,-0.4963868468682955,-0.5205971937396582,-0.5048206415071829,-0.481932078011295,-0.47955822286781014,-0.4583509096546428,-0.443505477765894,-0.41351574316858675,-0.47172288987985433,-0.45776612454069565,-0.41379213063538944,-0.4108489440368761,-0.41016100823433455,-0.4098924654435619,-0.4474766238034975,-0.44108028564635055,-0.4533911874380101,-0.511381646159043,-0.5564948663188068,-0.5606117630026046,-0.5137661455305738,-0.4642278296791274,-0.5209066936493048,-0.5286595270169347,-0.5594642521258104,-0.5472173247006756,-0.5208419127849723,-0.4474190958501844,-0.4002559137756435,-0.3911046913395011,-0.3332747245438168,-0.3259821714555149,-0.30998342167738596,-0.27212113148948835,-0.25920362571572986,-0.3019615346235747,-0.332366572585506,-0.4136570739011761,-0.4643566267300913,-0.48695497009359784,-0.43352345239486795,-0.34868850226346343,-0.40197588053856353,-0.43458418561575135,-0.4164713883336667,-0.5149522220066901,-0.5230524052900243,-0.4877699866925992,-0.5437523270384833,-0.5453127560551181,-0.556026582398402,-0.5622846530272209,-0.553577654054254,-0.564601603694786,-0.6408117223406107,-0.6183826273332023,-0.6942966240342043,-0.6405016365805302,-0.5467033850809467,-0.5547975102168159,-0.5575776013658701,-0.5341613651994205,-0.5280638543859625,-0.5049373699817385,-0.6938766398354033,0.0,0.0,0.0,0.0,0.0,0.0,0.0,0.0,0.0
0.0,0.0,0.0,0.0,0.0,0.0,0.0,0.0,0.0,0.0,0.0,-0.3632517910347909,-0.47690704463628675,-0.5218477171259626,-0.5132680052298257,-0.489227935139404,-0.5071653809233105,-0.48926691840199765,-0.46491100519426765,-0.4733667760463663,-0.5032953703098773,-0.47787725207054366,-0.4701780912524284,-0.48250073571408025,-0.4854792574644585,-0.4801772933028839,-0.4506136276419585,-0.41345146723792264,-0.46935197517237376,-0.4933711996266598,-0.49058365389701764,-0.5862971687887609,-0.5893642472891039,-0.5332659420068219,-0.524253189086454,-0.5531390107983399,-0.5525955296022584,-0.5374467440300885,-0.46548671780344747,-0.40936843798185746,-0.381680209274882,-0.38446402252681167,-0.34232291556031264,-0.3003744174652587,-0.2964763350123259,-0.2914319108696342,-0.29148011016083875,-0.32297436018773373,-0.34824170295200085,-0.40305441390094326,-0.49850585534849323,-0.4292780443288574,-0.40739109593721534,-0.39110090804453074,-0.46268207028160196,-0.46514399617228136,-0.48142931443010206,-0.530666087204,-0.4966651096625607,-0.46776013720661574,-0.5319246103224045,-0.5588731171729724,-0.5580913435474504,-0.591914473690559,-0.5906439820373195,-0.5599205722241997,-0.5797001511607828,-0.5924956676005776,-0.6118476957989364,-0.6279095626009581,-0.5821257165446243,-0.5425319023218488,-0.5322922072444163,-0.5152141116348242,-0.44078968744750235,-0.322274026272098,-0.4891122959579587,0.0,0.0,0.0,0.0,0.0,0.0,0.0,0.0,0.0
0.0,0.0,0.0,0.0,0.0,0.0,0.0,0.0,0.0,0.0,0.0,-0.2725220254692472,-0.41059763547465833,-0.4227093019554666,-0.4242275274976684,-0.45625511099805965,-0.49441083278708975,-0.5043726235256238,-0.47339573616363007,-0.4109390313672104,-0.45417755437583596,-0.4814883775529142,-0.4975116045799829,-0.5000056399167698,-0.5163458955939978,-0.47616900889271435,-0.43485891447279307,-0.45338929917777504,-0.4945477642247736,-0.5536041665173208,-0.5347061780093424,-0.4932557574687538,-0.5348062240142297,-0.5447709075220476,-0.49440607561823985,-0.5060084404565914,-0.5390446407618206,-0.5326801510560562,-0.5043808879865654,-0.4317287167699751,-0.4063635710584388,-0.4215208038578264,-0.43013645806795364,-0.4375121764477246,-0.36094418639155096,-0.334847880956153,-0.3047395891738417,-0.34863078306018674,-0.377654014614771,-0.3536765716004645,-0.3854308240208975,-0.40788343275849853,-0.3759662500085776,-0.3464764611540646,-0.3643203862283917,-0.4737020422147824,-0.4914976642417806,-0.4196083842143461,-0.4381384922690123,-0.5190726197599017,-0.5731510251907799,-0.6244489463579714,-0.6170132511344868,-0.614614873961299,-0.6463504409937961,-0.5889077596292158,-0.5997760174783142,-0.5766215131174629,-0.5753220638130362,-0.5653946376315524,-0.6106326319284708,-0.6414182952458332,-0.6120353069559367,-0.5565532965649983,-0.4953394920771142,-0.4274928974087879,-0.4627718283634079,0.0,0.0,0.0,0.0,0.0,0.0,0.0,0.0,0.0
0.0,0.0,0.0,0.0,0.0,0.0,0.0,0.0,0.0,0.0,0.0,-0.2336273455902058,-0.3744706418334359,-0.39953651209340174,-0.3836331408017978,-0.39368791923236746,-0.4159560633589588,-0.47393102756034583,-0.40484074747561394,-0.3748278356064927,-0.40497192468398113,-0.49562597861373964,-0.5032141863073403,-0.565049167025678,-0.5942064383164269,-0.540738333634944,-0.48217035593765384,-0.46896340146725285,-0.529481375843965,-0.5411588559484443,-0.54621515408931,-0.48053221792617423,-0.5229102636949969,-0.5790228245747704,-0.6119185293191836,-0.5211261332291108,-0.4962619575060709,-0.5117317021914637,-0.46034749749105197,-0.46665483508651,-0.4115268240081422,-0.3993571324404896,-0.4275534816986266,-0.44519031879689075,-0.4322210547646327,-0.4119887095018569,-0.38304855648986,-0.3521339890383224,-0.33099347435624127,-0.35021303025913625,-0.4100733431223631,-0.4017372457868325,-0.45062209615806337,-0.4275693802192565,-0.3968991534059007,-0.4703196379672964,-0.4934848062405252,-0.4688862388023195,-0.4949684611452291,-0.567467629391657,-0.6095120911320314,-0.646754941553045,-0.6574394066965862,-0.6551593971708972,-0.6410924318136021,-0.5565168463824481,-0.5413080287385367,-0.6216100668289132,-0.5836744544395696,-0.5676435065943956,-0.6242839856474036,-0.6730642349652748,-0.7171953067042692,-0.6634496607311525,-0.5796832420223765,-0.4537446926178476,-0.32023580435072924,0.0,0.0,0.0,0.0,0.0,0.0,0.0,0.0,0.0
0.0,0.0,0.0,0.0,0.0,0.0,0.0,0.0,0.0,0.0,0.0,-0.19661667327460075,-0.2992349720704655,-0.3269835311852878,-0.3317011161743332,-0.3659967337695613,-0.3700331783956035,-0.4162540842475407,-0.4013702994710872,-0.340108485814011,-0.3567014757907176,-0.4581111765821104,-0.47776064017624853,-0.5020143218510882,-0.5511428592797893,-0.572174355664516,-0.5939709253622422,-0.585176511301191,-0.4777174470105537,-0.44492678344185704,-0.4632200425618046,-0.45294626842542823,-0.5360567024070837,-0.5521249353402414,-0.5141931593079628,-0.4712142284867723,-0.4889052994356445,-0.5331447248504618,-0.5506941447193509,-0.47165420623174437,-0.41633582510215517,-0.43582122320674027,-0.39352684546122496,-0.40255530784206994,-0.4007367278326487,-0.39539842785309415,-0.3812951168821295,-0.33772126546775816,-0.444438726530435,-0.4380755256702066,-0.3914398620795387,-0.3564654437943628,-0.3787891313460444,-0.38411059104330053,-0.3955416763559327,-0.4398526178411678,-0.4124177876513316,-0.41855427744977886,-0.46263991643670527,-0.5514134533197631,-0.6104714172151846,-0.6175975160928495,-0.6263152169603649,-0.6118364674376111,-0.6079535016218304,-0.5798835405099032,-0.557492971329808,-0.6437662094417471,-0.6821983813633269,-0.7099161798075153,-0.6418561050975244,-0.7005070343487675,-0.7510568286196461,-0.7341441331324083,-0.6655082253499296,-0.5461876800828596,-0.45977950055515904,0.0,0.0,0.0,0.0,0.0,0.0,0.0,0.0,0.0
0.0,0.0,0.0,0.0,0.0,0.0,0.0,0.0,0.0,0.0,0.0,-0.25500567338682606,-0.3296831335158965,-0.320582978825447,-0.27699979873965785,-0.3006696099390648,-0.3271300870026007,-0.3416951107952212,-0.3771483124291266,-0.4101759033147548,-0.3731721124531571,-0.39033056430008384,-0.41697327915851234,-0.42641846006898737,-0.39972544436103674,-0.44803377280976026,-0.5235815198667069,-0.45954231127820755,-0.43625464031951305,-0.4225881187380509,-0.4336230114140938,-0.42587489535871365,-0.4681519596665866,-0.561276356796537,-0.5293529507621535,-0.4494938780501743,-0.48343941401797835,-0.4995664314381829,-0.4696053210673381,-0.43247312314895026,-0.38619635029210275,-0.39896767490462437,-0.3906685712731388,-0.36529101249467044,-0.3878081255017102,-0.4383078298967219,-0.4438934282615802,-0.4310969977920567,-0.45018317909270955,-0.38025133135173345,-0.35580303996917007,-0.34489594660018463,-0.3379993586410261,-0.33750513562832235,-0.35753328494546294,-0.3545773428732365,-0.44342866804125164,-0.42436026230744733,-0.4444151308264605,-0.5388679333222138,-0.5631663057483149,-0.6220638992768509,-0.6198171591155291,-0.5866553935363401,-0.564791366630031,-0.5892894968841409,-0.5616001081631711,-0.6793496952408904,-0.7634300231069537,-0.7378865335181903,-0.7514223773074248,-0.7411907015560913,-0.7827073287846967,-0.8062605525146899,-0.7654379993349899,-0.6692543645266629,-0.5547440063100101,0.0,0.0,0.0,0.0,0.0,0.0,0.0,0.0,0.0
0.0,0.0,0.0,0.0,0.0,0.0,0.0,0.0,0.0,0.0,0.0,-0.21369774534750155,-0.2683269635136265,-0.22343776368962134,-0.20343843556095978,-0.19980335737327962,-0.23799747479408606,-0.2923293895527208,-0.3382191640485855,-0.3782940684716726,-0.3859089482466102,-0.3948162839091088,-0.46444126750549136,-0.4439439479445952,-0.4203142411322984,-0.4162621968608625,-0.4204001590789982,-0.40810542919380277,-0.39810817038893515,-0.3882166664773227,-0.4596468911111735,-0.5084281134469795,-0.4754722903668711,-0.5059222571976705,-0.5059164018645347,-0.5218602726746464,-0.48707839960004834,-0.47592239594482144,-0.4908071716719943,-0.4649307430659324,-0.3961930673607286,-0.3846363095831234,-0.3804991411732184,-0.40828079067309775,-0.406231259836295,-0.45229995837096054,-0.4334265977122219,-0.4288744518457021,-0.37965551579242895,-0.3683965285604284,-0.4115495952339906,-0.37378679405007476,-0.3817170542371876,-0.3624631005207062,-0.3936330553149207,-0.40026748858765804,-0.4681419873306011,-0.5230686482393239,-0.542972972600211,-0.48419344916907664,-0.5201232775068524,-0.5507441655113371,-0.5580811690052487,-0.5959419704504506,-0.5926324161656863,-0.6008586917568998,-0.6338522307861613,-0.698711106225557,-0.7509486221982794,-0.7665581931738809,-0.7778254591212305,-0.6976040348984729,-0.744529680471734,-0.8180223360532407,-0.7919434268587954,-0.7111783464492271,-0.6491627420418834,0.0,0.0,0.0,0.0,0.0,0.0,0.0,0.0,0.0
0.0,0.0,0.0,0.0,0.0,0.0,0.0,0.0,0.0,0.0,0.0,-0.07593716755087224,-0.08496025023332186,-0.0762848945445149,-0.11990519011144327,-0.1528505136895654,-0.166768690814163,-0.2310114735132105,-0.3117064637444301,-0.3346748633114599,-0.3604888378057982,-0.3887926143947981,-0.47159079599642784,-0.5054565673147795,-0.4805433716107069,-0.43501098016142725,-0.4191001653387295,-0.42016054924281804,-0.3730169915533905,-0.35871786243319354,-0.44681210962429924,-0.5119971188264149,-0.49246729649508275,-0.4522022085236831,-0.5291267309921028,-0.4933024629389113,-0.41699155334540483,-0.42046823367915515,-0.45141137287016647,-0.40526876795822003,-0.41597371953091894,-0.38764033954706767,-0.41079969318472553,-0.4297617359633589,-0.445147494592656,-0.41812229536760553,-0.3756432002504375,-0.38703455262939085,-0.432331645051622,-0.5125692545631069,-0.5078513625858774,-0.425682003682254,-0.40370492553265536,-0.409704494617909,-0.4046244064612356,-0.41750005895805115,-0.5214565909759844,-0.6189071385122229,-0.5526718682945406,-0.438380465061341,-0.4426477489396636,-0.49799296330908355,-0.5230210319117676,-0.579320071773216,-0.5641423546098794,-0.5724001759600091,-0.6093325789931833,-0.6609282461586289,-0.7110497739835836,-0.7684642727297761,-0.7334488567797207,-0.7250212882499847,-0.7412288319787671,-0.7790358812386675,-0.7783919356643708,-0.7022791794207377,-0.6212389391633975,0.0,0.0,0.0,0.0,0.0,0.0,0.0,0.0,0.0
0.0,0.0,0.0,0.0,0.0,0.0,0.0,0.0,0.0,0.0,0.0,-0.12262515093898602,-0.07133853124574702,-0.07038255136505026,-0.10594392574822113,-0.15496142834349713,-0.18434196535008077,-0.21406565480830458,-0.26254494259396244,-0.3218878672699869,-0.39665440491343046,-0.40874784577043105,-0.48829687428380975,-0.5253270388034949,-0.5323086139153482,-0.5223680850743181,-0.4933894925639759,-0.44304520648846796,-0.3907851346255457,-0.368948940226802,-0.42847311430968943,-0.4693966383370108,-0.5141438138879024,-0.540572932820283,-0.4586180094671952,-0.418531311717624,-0.3808543644380175,-0.37134508787593246,-0.4595032400890682,-0.4722107404469095,-0.4383605907657459,-0.40071307580017435,-0.4008921000301009,-0.4037943012444695,-0.3721923903088008,-0.3648130449192163,-0.3346795504066615,-0.3745029363620584,-0.4137205919290443,-0.43750820306000077,-0.48122009174308855,-0.44245252627374954,-0.4063889877939774,-0.38648123170102666,-0.4171642381680142,-0.5185535149690522,-0.5863623328230448,-0.5431786101787848,-0.5282950406783817,-0.46184436408336366,-0.47866973521272865,-0.5292544611607118,-0.5296917679384123,-0.5380458924593119,-0.6214289555200525,-0.6033830279568932,-0.5437837440953447,-0.5805788777289062,-0.6127909743789085,-0.6768500504130434,-0.6645931149524479,-0.6775446712406547,-0.6570467843897355,-0.6485428945898889,-0.6826970307270788,-0.6356825782452593,-0.5037501999855065,0.0,0.0,0.0,0.0,0.0,0.0,0.0,0.0,0.0
0.0,0.0,0.0,0.0,0.0,0.0,0.0,0.0,0.0,0.0,0.0,-0.005369910643379307,-0.03204486216133103,-0.07328885313734709,-0.1406582666872148,-0.1990730715324825,-0.19591948316747088,-0.18325121716420134,-0.22114621520612662,-0.3437466179908242,-0.3965315065145803,-0.42614016654241704,-0.4903868554054499,-0.4793618801169128,-0.4690049066079963,-0.4750810764905858,-0.48711808519256067,-0.47934958166289027,-0.4842910022844604,-0.4677348745772644,-0.4856069677385362,-0.49882432264124615,-0.4982618739140648,-0.49453694188409436,-0.43290112433885225,-0.37652536067426084,-0.4073114009237588,-0.4579109694312908,-0.47179441980099435,-0.49251878290889295,-0.4944560166055683,-0.46585838677765146,-0.4044246504215775,-0.41326840632341316,-0.38224419741395343,-0.3917093329842706,-0.41953853794846174,-0.45300362885888146,-0.4666465361324955,-0.5177269293427833,-0.5000585297653579,-0.5299415256416243,-0.5402583839522072,-0.5724972641187995,-0.546685578988043,-0.5015239874111198,-0.498878836787992,-0.5109885207719573,-0.502186404314668,-0.46959526614494085,-0.5093585265722986,-0.5685408728558758,-0.6142346615104209,-0.5555506076141359,-0.527650791481952,-0.5586435415253042,-0.5903555772883803,-0.6735833205046636,-0.7100515614162276,-0.6926275251416791,-0.7842425811250198,-0.6318773318553829,-0.6155305387771957,-0.7344280337708331,-0.7522906840118633,-0.6866980256309084,-0.5153468442886743,0.0,0.0,0.0,0.0,0.0,0.0,0.0,0.0,0.0
0.0,0.0,0.0,0.0,0.0,0.0,0.0,0.0,0.0,0.0,0.0,0.0013116408666235854,-0.05079405284410246,-0.09540287263575561,-0.13401525480016005,-0.16061179673452197,-0.2113716830776102,-0.24946654474315716,-0.2961414517081076,-0.3732942713085318,-0.4089826060672971,-0.4409324686607954,-0.4657513046705174,-0.4635329950113435,-0.4496471019604127,-0.4455581307514691,-0.47267303748589456,-0.48702072401355717,-0.44527574719707014,-0.3879667379653357,-0.4167967886607631,-0.4122330408858074,-0.41718514750473923,-0.36347734372996554,-0.3619285235112152,-0.3570167866673078,-0.3594219523595971,-0.39902472665916316,-0.4787004596562242,-0.5077819864723149,-0.4678315480179305,-0.45272689985900194,-0.43371856777668494,-0.43909147935141557,-0.4604699266708468,-0.5338656676260408,-0.5502320778228524,-0.5559292093622625,-0.5382572949210539,-0.5435060268660129,-0.5330648600484785,-0.6162110090575422,-0.648192111460764,-0.651710118895106,-0.6093514542009753,-0.5373972463341466,-0.527228407467697,-0.5391393507956442,-0.5187882141434795,-0.4605938645235119,-0.5281513408917434,-0.5571314399617625,-0.599627130564372,-0.6249782063841798,-0.6070533634697985,-0.6148973062326547,-0.6337489847513801,-0.6886277521490489,-0.7758026116304526,-0.7401608950424197,-0.7442891304271565,-0.7425981754640403,-0.6933260950232087,-0.7244926015915845,-0.7243405939631504,-0.6928841550977697,-0.5661166334032407,0.0,0.0,0.0,0.0,0.0,0.0,0.0,0.0,0.0
0.0,0.0,0.0,0.0,0.0,0.0,0.0,0.0,0.0,0.0,0.0,-0.12837121340614824,-0.09483818661912971,-0.14359593603735196,-0.18097170984618932,-0.21532685264516382,-0.21865583609406944,-0.23908334078784235,-0.2800433792235679,-0.34894235516912425,-0.4294327737235829,-0.48692281716680513,-0.4848036264982775,-0.46190179529418307,-0.44820655472591675,-0.43085565826053984,-0.47036920533524584,-0.5085714514672125,-0.43344425069696396,-0.32924666561711013,-0.28951312998897716,-0.31885895309117374,-0.3672278465164414,-0.3608667388618499,-0.32604951337758237,-0.30859501429445485,-0.29222994455212087,-0.35999509576034283,-0.44724583770375015,-0.5018184835503952,-0.49817944728965885,-0.5151095827424201,-0.5178863134220346,-0.5186362015652275,-0.5861419023920134,-0.6632282043127656,-0.6601266544812586,-0.6446817197266914,-0.5532792545490732,-0.4955959682966981,-0.5301221701454061,-0.5616049784907763,-0.583620170755799,-0.5516657880431235,-0.5185158221543028,-0.5047120978239298,-0.4983589319297957,-0.5359540731817569,-0.5478698431476179,-0.49826794986868783,-0.514550398924447,-0.5388298835530333,-0.5949172221359968,-0.6384807669935134,-0.7032908178586776,-0.7173847445277206,-0.7099571166153875,-0.7532557979852896,-0.7783986276630874,-0.7118782459185178,-0.7390075719615957,-0.7986094330654592,-0.7646376073261901,-0.715988416649156,-0.7117611330815404,-0.7343771088529396,-0.6852025603171699,0.0,0.0,0.0,0.0,0.0,0.0,0.0,0.0,0.0
0.0,0.0,0.0,0.0,0.0,0.0,0.0,0.0,0.0,0.0,0.0,-0.2526265855341547,-0.14659100677894346,-0.180704703428207,-0.1950289934822124,-0.22170370857913327,-0.20775970555072187,-0.21236431841110723,-0.287206708826359,-0.3967986890698831,-0.46121417557082867,-0.49002111387813413,-0.45184156547621734,-0.4453823407463622,-0.4865065122645184,-0.505681762111008,-0.489855622140466,-0.46020013760432804,-0.4889419359998059,-0.4236866629239647,-0.32713710751690406,-0.3059658349244436,-0.3018281852835474,-0.33278611748094483,-0.36331039012145167,-0.3293710718488051,-0.29263513346368086,-0.34890626534855185,-0.4431611744036505,-0.5248082815775721,-0.5450601855096062,-0.5313086521101462,-0.5829746964287607,-0.6196141125904754,-0.7186735317826656,-0.6986597963485152,-0.6852791398025522,-0.6423533918033717,-0.5422812951978027,-0.5648686579155563,-0.5839466937653982,-0.5862353193716109,-0.6147038804024951,-0.6362143731813786,-0.5666219069562283,-0.5470383726614053,-0.5188232625356045,-0.5519014343308649,-0.5514701771508318,-0.49626447381324845,-0.4552756689644371,-0.47213601183185466,-0.5844528952010432,-0.6434233607281206,-0.7309349668427915,-0.7645951704290368,-0.7407999799274924,-0.7496379447817183,-0.7525363832875784,-0.8249114074258025,-0.8465387792031923,-0.8107000981115741,-0.730004856168314,-0.7295912435435418,-0.7497051565781401,-0.7593629638698949,-0.6784891049627603,0.0,0.0,0.0,0.0,0.0,0.0,0.0,0.0,0.0
0.0,0.0,0.0,0.0,0.0,0.0,0.0,0.0,0.0,0.0,0.0,-0.3217937828642131,-0.18729860781147759,-0.25125096186831375,-0.3308994740135085,-0.3187913795280674,-0.33360104487851294,-0.32037728308497115,-0.35036444506567704,-0.4103523625731885,-0.48619604271360295,-0.4960742971208502,-0.473284194890056,-0.4532293922249335,-0.48358310690428713,-0.5235772300344574,-0.5396888488384737,-0.48708972032772624,-0.4613391145091578,-0.3820745838864757,-0.26899679943211147,-0.26634916140876547,-0.2839217661653329,-0.3642308309526591,-0.30683112496209336,-0.28190418297198705,-0.230846987579994,-0.23282232118979854,-0.2812703823788455,-0.36185114028805343,-0.4480751146197206,-0.43936782301665217,-0.46839145965941653,-0.5444933582234236,-0.619698878819262,-0.6439714019118592,-0.606026916947294,-0.6007384355186416,-0.5438620146059703,-0.541240169221194,-0.5700008890690671,-0.6118682515714189,-0.6302520238720677,-0.6166766721624911,-0.6355438533855916,-0.6105167084472217,-0.5678137922436906,-0.5205325667773489,-0.47636432003117046,-0.47718982093817414,-0.43334458879508203,-0.4433083576972766,-0.48242200502228627,-0.5586203262435887,-0.6529400308043714,-0.7813857406202684,-0.7730163931490549,-0.6661239487209799,-0.7501213943816831,-0.8000450503303778,-0.7666348716868521,-0.7326011587240572,-0.7528046734135374,-0.7083237047968743,-0.7091539454587953,-0.7677698260116275,-0.6612031137321506,0.0,0.0,0.0,0.0,0.0,0.0,0.0,0.0,0.0
0.0,0.0,0.0,0.0,0.0,0.0,0.0,0.0,0.0,0.0,0.0,-0.46924169520830167,-0.27834705900053336,-0.24418630318266063,-0.23385826405024202,-0.2702378209008514,-0.3403302595335438,-0.3577383797142973,-0.4041705359928822,-0.42280236817867844,-0.42750173495923355,-0.45024840463720484,-0.44339809164303917,-0.47264003102626584,-0.49520932047018806,-0.520893620307342,-0.5842180557680947,-0.5822132528463946,-0.5597300038193788,-0.4931874467658096,-0.44014457045793526,-0.4044914091758127,-0.3431715273854255,-0.2477945641588308,-0.23944902387411693,-0.15617830842765615,-0.009522347937822204,-0.02772788081018168,-0.06664912657180272,-0.15697803308086328,-0.31280101231829416,-0.34534686366443595,-0.4672635149695645,-0.5070991610442496,-0.4883981085797597,-0.4575339799010769,-0.5109931110194339,-0.5481683324845587,-0.5702843338490294,-0.6045649254279831,-0.6376963970630181,-0.6985063355937413,-0.7138936742208529,-0.746614494603534,-0.7333746869288692,-0.6582684222448965,-0.6237371117528463,-0.5352094779898555,-0.4412330208034838,-0.36621864747833666,-0.3246616108498831,-0.3197979825743219,-0.4343671977509576,-0.5177883839901227,-0.5287383578085119,-0.591218319655068,-0.6389855920543374,-0.6121901710400925,-0.6868298798241241,-0.6969669665401893,-0.6887638995687916,-0.6489758632492165,-0.7577590264306482,-0.8171977262011876,-0.8670693546273223,-0.9209928723411674,-0.8521320154818378,0.0,0.0,0.0,0.0,0.0,0.0,0.0,0.0,0.0
0.0,0.0,0.0,0.0,0.0,0.0,0.0,0.0,0.0,0.0,0.0,-0.3480059234065542,-0.1700092213643321,-0.19425375716313315,-0.2250620018755054,-0.2630243514906222,-0.28347587021163234,-0.3451038419986151,-0.44757992540300107,-0.46061868971894004,-0.3838000471554229,-0.4153683940276743,-0.445481667960981,-0.4797760898518555,-0.5230069971527167,-0.5478567153895899,-0.5551244883896096,-0.5699553187191697,-0.5241685140098191,-0.5115190808023884,-0.4775307607359513,-0.4112353613444367,-0.343756050782676,-0.2784960820481695,-0.1261893580640001,-0.036776249838735446,0.03598192456125721,-0.006312217951209467,-0.09662350888944417,-0.21033444427875148,-0.2661196993910018,-0.2847983145146255,-0.3722848053170443,-0.5320357378723729,-0.5358420658080502,-0.5089991460477309,-0.4708247694765594,-0.541367354355694,-0.5781454522861403,-0.606867034571083,-0.6640878597714657,-0.6980502330533954,-0.6970026125014939,-0.6918172877218564,-0.6485918936806101,-0.6383141954098824,-0.6217116601064326,-0.5182179305289056,-0.4046877659882823,-0.28054391408231166,-0.23163305360782008,-0.30289978103118376,-0.3948521217567787,-0.47076929312680116,-0.5064890318694392,-0.518035608871835,-0.5565507026627964,-0.6078189380571488,-0.6803797124574378,-0.6399359710970054,-0.7386180022538105,-0.8028696532497435,-0.7943654318410752,-0.8081756010673166,-0.9356852253399666,-0.9608444876295765,-0.9538528952431006,0.0,0.0,0.0,0.0,0.0,0.0,0.0,0.0,0.0
0.0,0.0,0.0,0.0,0.0,0.0,0.0,0.0,0.0,0.0,0.0,-0.3957087547400815,-0.296114292491567,-0.24763861331552334,-0.2358150193437941,-0.3099373873693083,-0.33648481231337407,-0.324841282819299,-0.3562863890939868,-0.40783361362303605,-0.3946876188922232,-0.41515582753515984,-0.45311994728880345,-0.49854285350534205,-0.5637342715637057,-0.6012497582754769,-0.5619102166360447,-0.4963438706833916,-0.44798171082233884,-0.44257764427441465,-0.4381415447607816,-0.4074114840231295,-0.38618692583442715,-0.32851923750545486,-0.14852633915002542,-0.029991024277889276,-0.08149570666352494,-0.11679999061249499,-0.15439895091808795,-0.18769180931508916,-0.13025776668992486,-0.1705447046829484,-0.295853952250984,-0.4142143110958595,-0.5466487821309935,-0.5572877663231527,-0.5558569436300164,-0.5411777444663095,-0.5607137234650076,-0.5635501510401909,-0.5979428087896324,-0.6839803028870041,-0.7230539047163939,-0.7070881922768726,-0.6632389398061096,-0.5910165310770323,-0.54845009692274,-0.5412356108469485,-0.42290391825820045,-0.31678733116037316,-0.27032457248503944,-0.27867810720118086,-0.3974061294153459,-0.48211911756110104,-0.510633802494121,-0.539483024969746,-0.5997597127496791,-0.6648604955968861,-0.59986879857986,-0.6531868278378085,-0.8150772614763783,-0.8227789443666761,-0.74289089841592,-0.6944869974614599,-0.7710497749031934,-0.8935242362095561,-0.9863300487878077,0.0,0.0,0.0,0.0,0.0,0.0,0.0,0.0,0.0
0.0,0.0,0.0,0.0,0.0,0.0,0.0,0.0,0.0,0.0,0.0,-0.3947756691085318,-0.34435138525377285,-0.2830607377118123,-0.2787799923619319,-0.3108178025689917,-0.30193243470415815,-0.30932687721825447,-0.3065424473599541,-0.36348592035264793,-0.40110146627401494,-0.4147507818911839,-0.497375823268491,-0.523192908124092,-0.4919544865164618,-0.48205041960251677,-0.5090287525411186,-0.5337317190129139,-0.5059937300191824,-0.46198904130488333,-0.43092814414359304,-0.3871702079501674,-0.33595167801636633,-0.30500490439462286,-0.19079375139685104,-0.13343342687573936,-0.1426263201783848,-0.2127786378667909,-0.21525348488730447,-0.11813198789168591,-0.11089135957921384,-0.18574013151183125,-0.2479737943914972,-0.3354354797291509,-0.42608270482990274,-0.48607710563593354,-0.49177681779728827,-0.46247408278457786,-0.5189897094502846,-0.5385092832164465,-0.5808971796643235,-0.6173923829155835,-0.6572959781455326,-0.6785075329017921,-0.6483094482390263,-0.5966007823391591,-0.5513008676529846,-0.47243317635393445,-0.47984447857089996,-0.43639876497317326,-0.3913035324576336,-0.40196453405291516,-0.39683165197321224,-0.4677539839504804,-0.4713451515126142,-0.5209466647418172,-0.5817061960320397,-0.6038709752062295,-0.6144988091768279,-0.6247530465404013,-0.6609483983592391,-0.7338191232067,-0.7084200928309514,-0.7000160164815109,-0.7944597299801297,-0.9281542092942183,-1.0775916367260534,0.0,0.0,0.0,0.0,0.0,0.0,0.0,0.0,0.0
0.0,0.0,0.0,0.0,0.0,0.0,0.0,0.0,0.0,0.0,0.0,-0.48195985091408605,-0.3702801748072305,-0.32369577072637606,-0.2876358582303211,-0.2819254830434635,-0.2951314928130441,-0.3062916459320459,-0.31147538081819054,-0.3667675303769811,-0.4378892417621803,-0.41649081550909245,-0.4536019579754084,-0.45476409998169165,-0.4594433477222436,-0.48305263931749076,-0.5236907983098192,-0.509578775708899,-0.4833166519461782,-0.48369215159678847,-0.46478496782618933,-0.4021687111292957,-0.3016608330731211,-0.26727546271538755,-0.1827200080856804,-0.22428854094663436,-0.159270797773871,-0.1239314767199918,-0.0699855597436925,-0.11358887356263454,-0.16890430410598076,-0.21012690209476756,-0.2762442565521756,-0.34039645735401736,-0.41130129383481495,-0.4307387739966029,-0.405972462745046,-0.409171210293725,-0.45252258138212026,-0.502874873053063,-0.5709464084804564,-0.6216360825228315,-0.6075609808300237,-0.5874283476084382,-0.6098173491086369,-0.5957701709225165,-0.53862136417463,-0.5036021462588249,-0.4262416970049694,-0.37563117580077476,-0.3312868545397095,-0.30902881611231126,-0.3596512501034404,-0.4426648213322022,-0.5026819811120846,-0.5280193501585094,-0.5573237335794157,-0.5769160219003051,-0.6166366536671988,-0.6680149327754092,-0.7248178806268385,-0.7252886592817592,-0.7298713637787896,-0.8081701477638555,-0.8542107669055368,-1.005564927566529,-1.1193668862692416,0.0,0.0,0.0,0.0,0.0,0.0,0.0,0.0,0.0
0.0,0.0,0.0,0.0,0.0,0.0,0.0,0.0,0.0,0.0,0.0,-0.4253805382866252,-0.3798883078587656,-0.3363025131195639,-0.28489252213406946,-0.2994866025211939,-0.3246162159656294,-0.3436103300146351,-0.3498237495772277,-0.38998485087589146,-0.4156267486425509,-0.4029247927044358,-0.45845559203930997,-0.43775372715472133,-0.41535236691772753,-0.4249300921132636,-0.44973872272838655,-0.46321981971047627,-0.4749442648355674,-0.5069257828575257,-0.4987024601345393,-0.4280092376640113,-0.3654948958273088,-0.2887741774516528,-0.25320660346293256,-0.26308881137498513,-0.20981045893504902,-0.19566740013996992,-0.21359826504901994,-0.24911882560906498,-0.31507289405266115,-0.3009175040607703,-0.34548194153847145,-0.3720071710394427,-0.4208882341401446,-0.4265878584269153,-0.39923819997306714,-0.3759210094042364,-0.37777836961070227,-0.44561853433472415,-0.5333911816574607,-0.5757314673624726,-0.5636546802938818,-0.558623494612343,-0.5754527595133933,-0.6138814207958474,-0.599061327327185,-0.5313834784702314,-0.4473624931654481,-0.3762132066912596,-0.36913344205008086,-0.35341042744494744,-0.36429596186086177,-0.4088296308596808,-0.4750989305119811,-0.49117843229700153,-0.5919060185769648,-0.5709734629992111,-0.5863431737964051,-0.6168828499313981,-0.6501116074447101,-0.6922209125970669,-0.7414590582235812,-0.7732490389057782,-0.8817632159340697,-1.0892770229336328,-1.288623147521443,0.0,0.0,0.0,0.0,0.0,0.0,0.0,0.0,0.0
0.0,0.0,0.0,0.0,0.0,0.0,0.0,0.0,0.0,0.0,0.0,-0.47577961664172047,-0.36676764726466904,-0.3513318008117354,-0.31287828312210614,-0.36986922929845845,-0.38908920646498574,-0.36003253001532437,-0.37669576975671004,-0.44960040067804485,-0.4303477419268439,-0.4422529930842513,-0.4545703403735578,-0.42821766060646155,-0.4071200844739684,-0.41589408977871606,-0.38413942700637616,-0.3754692584932264,-0.4486053987730068,-0.46083895008343057,-0.44291894032147194,-0.40133651546544646,-0.35380547386017047,-0.32670316891006956,-0.3040512509609167,-0.3262112730782003,-0.31495692989972146,-0.3238616501183174,-0.3199291228894918,-0.3300250901903782,-0.4104568422703181,-0.41190613738665344,-0.39411463864122176,-0.427702507688692,-0.42584335934606987,-0.41352678343240445,-0.3924248865074967,-0.3599969568466072,-0.3575148067090378,-0.41807329525006404,-0.44944290900210576,-0.47733861901627933,-0.4694810640158872,-0.5039810511647564,-0.5330993896372563,-0.5715539412921684,-0.6153491508669636,-0.5572591437420676,-0.48935729844918424,-0.46744383006786816,-0.44233288273703764,-0.44781268028461757,-0.4558561961498438,-0.435916619051789,-0.5490990980844441,-0.511914060564782,-0.5553240670090029,-0.5144382176683132,-0.5042883630333278,-0.5465368083632535,-0.6111122942843377,-0.6395225576798105,-0.6973878521752761,-0.7666974743201262,-0.901311308912586,-1.088577524858827,-1.189568773844255,0.0,0.0,0.0,0.0,0.0,0.0,0.0,0.0,0.0
0.0,0.0,0.0,0.0,0.0,0.0,0.0,0.0,0.0,0.0,0.0,-0.5793740255179229,-0.38534974375341413,-0.36071813155152854,-0.38298390887969347,-0.47146886937763194,-0.5169618092536197,-0.4821041401784466,-0.45587528034865255,-0.49163202518044014,-0.4550112461129128,-0.5035183054357165,-0.511685034749578,-0.47463526304199954,-0.4459763084848417,-0.42383968537093686,-0.3747776757791805,-0.34668091187607974,-0.40541768396532246,-0.4406186639025801,-0.418920230365067,-0.35672568045241604,-0.3118978683391442,-0.31740558804668584,-0.3295957637443225,-0.40104863275269925,-0.4253345061435039,-0.4518380302077421,-0.4244740171419828,-0.4417945016561273,-0.5207690736192483,-0.5191499396064714,-0.46282723667668885,-0.434133397521835,-0.4048951162121896,-0.4070104843608797,-0.3544437563215625,-0.31172690370863315,-0.32755343636348916,-0.351179938141346,-0.3841107070194338,-0.4262117454836223,-0.3992462392362138,-0.4592778681019367,-0.5217056949451312,-0.5692957762329647,-0.6427633705461161,-0.5922000927342396,-0.5565891436579478,-0.5481971832848112,-0.5551212805343428,-0.5885779513323406,-0.5602164082606462,-0.5349001130468782,-0.7164167672369058,-0.6644685605005763,-0.7065344261646695,-0.653584742911665,-0.606359249219798,-0.6302132243178441,-0.6216653866751657,-0.5927072818852522,-0.6591815180406545,-0.7781701386823883,-0.8282332177258643,-0.8984916267486903,-0.9957153669593338,0.0,0.0,0.0,0.0,0.0,0.0,0.0,0.0,0.0
0.0,0.0,0.0,0.0,0.0,0.0,0.0,0.0,0.0,0.0,0.0,-0.9076361644630581,-0.7330821755277114,-0.4881414613536236,-0.44655327723441296,-0.49668836725147214,-0.5309669842637867,-0.5159478791287463,-0.4986094030447404,-0.5676786744791696,-0.5476364277112548,-0.5024634121781573,-0.5130698256027817,-0.49601263167242443,-0.41877503421606416,-0.33964292199601953,-0.2666120158977555,-0.2741577754570474,-0.3965461099684315,-0.4915659086331651,-0.46973069480367896,-0.3564669002923272,-0.3279209580271291,-0.3112816109579347,-0.34013533349935354,-0.3931203659413896,-0.4948967744920223,-0.5384139233854605,-0.5186442829736304,-0.5410756713767291,-0.6286588841566909,-0.5967415884409879,-0.4581014176013038,-0.36408567691233107,-0.344173032115323,-0.37203106015558074,-0.298861108117184,-0.22322255779527886,-0.2601992103619398,-0.28973677885417143,-0.3119402652809791,-0.33181516303160785,-0.27955629498588963,-0.32469842795081294,-0.44944011176806503,-0.5520622563784557,-0.689635781421821,-0.6377081599316926,-0.6149193237010323,-0.6405877286148983,-0.649615860945585,-0.6726706400856189,-0.6231141137354461,-0.6506783140465336,-0.9432410436844437,-0.8331769549585725,-0.8571878014400447,-0.8071459867120505,-0.6953496526461171,-0.6638347327514338,-0.5444247308605481,-0.5863909491100877,-0.6348329521963972,-0.6774889373449993,-0.705041066946332,-0.7623778905022747,-0.7826852136393692,0.0,0.0,0.0,0.0,0.0,0.0,0.0,0.0,0.0
0.0,0.0,0.0,0.0,0.0,0.0,0.0,0.0,0.0,0.0,0.0,0.0,0.0,0.0,0.0,0.0,0.0,0.0,0.0,0.0,0.0,0.0,0.0,0.0,0.0,0.0,0.0,0.0,0.0,0.0,0.0,0.0,0.0,0.0,0.0,0.0,0.0,0.0,0.0,0.0,0.0,0.0,0.0,0.0,0.0,0.0,0.0,0.0,0.0,0.0,0.0,0.0,0.0,0.0,0.0,0.0,0.0,0.0,0.0,0.0,0.0,0.0,0.0,0.0,0.0,0.0,0.0,0.0,0.0,0.0,0.0,0.0,0.0,0.0,0.0,0.0,0.0,0.0,0.0,0.0,0.0,0.0,0.0,0.0,0.0,0.0
0.0,0.0,0.0,0.0,0.0,0.0,0.0,0.0,0.0,0.0,0.0,0.0,0.0,0.0,0.0,0.0,0.0,0.0,0.0,0.0,0.0,0.0,0.0,0.0,0.0,0.0,0.0,0.0,0.0,0.0,0.0,0.0,0.0,0.0,0.0,0.0,0.0,0.0,0.0,0.0,0.0,0.0,0.0,0.0,0.0,0.0,0.0,0.0,0.0,0.0,0.0,0.0,0.0,0.0,0.0,0.0,0.0,0.0,0.0,0.0,0.0,0.0,0.0,0.0,0.0,0.0,0.0,0.0,0.0,0.0,0.0,0.0,0.0,0.0,0.0,0.0,0.0,0.0,0.0,0.0,0.0,0.0,0.0,0.0,0.0,0.0
0.0,0.0,0.0,0.0,0.0,0.0,0.0,0.0,0.0,0.0,0.0,0.0,0.0,0.0,0.0,0.0,0.0,0.0,0.0,0.0,0.0,0.0,0.0,0.0,0.0,0.0,0.0,0.0,0.0,0.0,0.0,0.0,0.0,0.0,0.0,0.0,0.0,0.0,0.0,0.0,0.0,0.0,0.0,0.0,0.0,0.0,0.0,0.0,0.0,0.0,0.0,0.0,0.0,0.0,0.0,0.0,0.0,0.0,0.0,0.0,0.0,0.0,0.0,0.0,0.0,0.0,0.0,0.0,0.0,0.0,0.0,0.0,0.0,0.0,0.0,0.0,0.0,0.0,0.0,0.0,0.0,0.0,0.0,0.0,0.0,0.0
0.0,0.0,0.0,0.0,0.0,0.0,0.0,0.0,0.0,0.0,0.0,0.0,0.0,0.0,0.0,0.0,0.0,0.0,0.0,0.0,0.0,0.0,0.0,0.0,0.0,0.0,0.0,0.0,0.0,0.0,0.0,0.0,0.0,0.0,0.0,0.0,0.0,0.0,0.0,0.0,0.0,0.0,0.0,0.0,0.0,0.0,0.0,0.0,0.0,0.0,0.0,0.0,0.0,0.0,0.0,0.0,0.0,0.0,0.0,0.0,0.0,0.0,0.0,0.0,0.0,0.0,0.0,0.0,0.0,0.0,0.0,0.0,0.0,0.0,0.0,0.0,0.0,0.0,0.0,0.0,0.0,0.0,0.0,0.0,0.0,0.0
0.0,0.0,0.0,0.0,0.0,0.0,0.0,0.0,0.0,0.0,0.0,0.0,0.0,0.0,0.0,0.0,0.0,0.0,0.0,0.0,0.0,0.0,0.0,0.0,0.0,0.0,0.0,0.0,0.0,0.0,0.0,0.0,0.0,0.0,0.0,0.0,0.0,0.0,0.0,0.0,0.0,0.0,0.0,0.0,0.0,0.0,0.0,0.0,0.0,0.0,0.0,0.0,0.0,0.0,0.0,0.0,0.0,0.0,0.0,0.0,0.0,0.0,0.0,0.0,0.0,0.0,0.0,0.0,0.0,0.0,0.0,0.0,0.0,0.0,0.0,0.0,0.0,0.0,0.0,0.0,0.0,0.0,0.0,0.0,0.0,0.0
0.0,0.0,0.0,0.0,0.0,0.0,0.0,0.0,0.0,0.0,0.0,0.0,0.0,0.0,0.0,0.0,0.0,0.0,0.0,0.0,0.0,0.0,0.0,0.0,0.0,0.0,0.0,0.0,0.0,0.0,0.0,0.0,0.0,0.0,0.0,0.0,0.0,0.0,0.0,0.0,0.0,0.0,0.0,0.0,0.0,0.0,0.0,0.0,0.0,0.0,0.0,0.0,0.0,0.0,0.0,0.0,0.0,0.0,0.0,0.0,0.0,0.0,0.0,0.0,0.0,0.0,0.0,0.0,0.0,0.0,0.0,0.0,0.0,0.0,0.0,0.0,0.0,0.0,0.0,0.0,0.0,0.0,0.0,0.0,0.0,0.0
0.0,0.0,0.0,0.0,0.0,0.0,0.0,0.0,0.0,0.0,0.0,0.0,0.0,0.0,0.0,0.0,0.0,0.0,0.0,0.0,0.0,0.0,0.0,0.0,0.0,0.0,0.0,0.0,0.0,0.0,0.0,0.0,0.0,0.0,0.0,0.0,0.0,0.0,0.0,0.0,0.0,0.0,0.0,0.0,0.0,0.0,0.0,0.0,0.0,0.0,0.0,0.0,0.0,0.0,0.0,0.0,0.0,0.0,0.0,0.0,0.0,0.0,0.0,0.0,0.0,0.0,0.0,0.0,0.0,0.0,0.0,0.0,0.0,0.0,0.0,0.0,0.0,0.0,0.0,0.0,0.0,0.0,0.0,0.0,0.0,0.0
0.0,0.0,0.0,0.0,0.0,0.0,0.0,0.0,0.0,0.0,0.0,0.0,0.0,0.0,0.0,0.0,0.0,0.0,0.0,0.0,0.0,0.0,0.0,0.0,0.0,0.0,0.0,0.0,0.0,0.0,0.0,0.0,0.0,0.0,0.0,0.0,0.0,0.0,0.0,0.0,0.0,0.0,0.0,0.0,0.0,0.0,0.0,0.0,0.0,0.0,0.0,0.0,0.0,0.0,0.0,0.0,0.0,0.0,0.0,0.0,0.0,0.0,0.0,0.0,0.0,0.0,0.0,0.0,0.0,0.0,0.0,0.0,0.0,0.0,0.0,0.0,0.0,0.0,0.0,0.0,0.0,0.0,0.0,0.0,0.0,0.0
0.0,0.0,0.0,0.0,0.0,0.0,0.0,0.0,0.0,0.0,0.0,0.0,0.0,0.0,0.0,0.0,0.0,0.0,0.0,0.0,0.0,0.0,0.0,0.0,0.0,0.0,0.0,0.0,0.0,0.0,0.0,0.0,0.0,0.0,0.0,0.0,0.0,0.0,0.0,0.0,0.0,0.0,0.0,0.0,0.0,0.0,0.0,0.0,0.0,0.0,0.0,0.0,0.0,0.0,0.0,0.0,0.0,0.0,0.0,0.0,0.0,0.0,0.0,0.0,0.0,0.0,0.0,0.0,0.0,0.0,0.0,0.0,0.0,0.0,0.0,0.0,0.0,0.0,0.0,0.0,0.0,0.0,0.0,0.0,0.0,0.0
0.0,0.0,0.0,0.0,0.0,0.0,0.0,0.0,0.0,0.0,0.0,0.0,0.0,0.0,0.0,0.0,0.0,0.0,0.0,0.0,0.0,0.0,0.0,0.0,0.0,0.0,0.0,0.0,0.0,0.0,0.0,0.0,0.0,0.0,0.0,0.0,0.0,0.0,0.0,0.0,0.0,0.0,0.0,0.0,0.0,0.0,0.0,0.0,0.0,0.0,0.0,0.0,0.0,0.0,0.0,0.0,0.0,0.0,0.0,0.0,0.0,0.0,0.0,0.0,0.0,0.0,0.0,0.0,0.0,0.0,0.0,0.0,0.0,0.0,0.0,0.0,0.0,0.0,0.0,0.0,0.0,0.0,0.0,0.0,0.0,0.0
