0,1,2,3,4,5,6,7,8,9,10,11,12,13,14,15,16,17,18,19,20,21,22,23,24,25,26,27,28,29,30,31,32,33,34,35,36,37,38,39,40,41,42,43,44,45,46,47,48,49,50,51,52,53,54,55,56,57,58,59,60,61,62,63,64,65,66,67,68,69,70,71,72,73,74,75,76,77,78,79,80,81
0.0,0.0,0.0,0.0,0.0,0.0,0.0,0.0,0.0,0.0,0.0,0.0,0.0,0.0,0.0,0.0,0.0,0.0,0.0,0.0,0.0,0.0,0.0,0.0,0.0,0.0,0.0,0.0,0.0,0.0,0.0,0.0,0.0,0.0,0.0,0.0,0.0,0.0,0.0,0.0,0.0,0.0,0.0,0.0,0.0,0.0,0.0,0.0,0.0,0.0,0.0,0.0,0.0,0.0,0.0,0.0,0.0,0.0,0.0,0.0,0.0,0.0,0.0,0.0,0.0,0.0,0.0,0.0,0.0,0.0,0.0,0.0,0.0,0.0,0.0,0.0,0.0,0.0,0.0,0.0,0.0,0.0
0.0,0.0,0.0,0.0,0.0,0.0,0.0,0.0,0.0,0.0,0.0,0.0,0.0,0.0,0.0,0.0,0.0,0.0,0.0,0.0,0.0,0.0,0.0,0.0,0.0,0.0,0.0,0.0,0.0,0.0,0.0,0.0,0.0,0.0,0.0,0.0,0.0,0.0,0.0,0.0,0.0,0.0,0.0,0.0,0.0,0.0,0.0,0.0,0.0,0.0,0.0,0.0,0.0,0.0,0.0,0.0,0.0,0.0,0.0,0.0,0.0,0.0,0.0,0.0,0.0,0.0,0.0,0.0,0.0,0.0,0.0,0.0,0.0,0.0,0.0,0.0,0.0,0.0,0.0,0.0,0.0,0.0
0.0,0.0,0.0,0.0,0.0,0.0,0.0,0.0,0.0,0.0,0.0,0.0,0.0,0.0,0.0,0.0,0.0,0.0,0.0,0.0,0.0,0.0,0.0,0.0,0.0,0.0,0.0,0.0,0.0,0.0,0.0,0.0,0.0,0.0,0.0,0.0,0.0,0.0,0.0,0.0,0.0,0.0,0.0,0.0,0.0,0.0,0.0,0.0,0.0,0.0,0.0,0.0,0.0,0.0,0.0,0.0,0.0,0.0,0.0,0.0,0.0,0.0,0.0,0.0,0.0,0.0,0.0,0.0,0.0,0.0,0.0,0.0,0.0,0.0,0.0,0.0,0.0,0.0,0.0,0.0,0.0,0.0
0.0,0.0,0.0,0.0,0.0,0.0,0.0,0.0,0.0,0.0,0.0,0.0,0.0,0.0,0.0,0.0,0.0,0.0,0.0,0.0,0.0,0.0,0.0,0.0,0.0,0.0,0.0,0.0,0.0,0.0,0.0,0.0,0.0,0.0,0.0,0.0,0.0,0.0,0.0,0.0,0.0,0.0,0.0,0.0,0.0,0.0,0.0,0.0,0.0,0.0,0.0,0.0,0.0,0.0,0.0,0.0,0.0,0.0,0.0,0.0,0.0,0.0,0.0,0.0,0.0,0.0,0.0,0.0,0.0,0.0,0.0,0.0,0.0,0.0,0.0,0.0,0.0,0.0,0.0,0.0,0.0,0.0
0.0,0.0,0.0,0.0,0.0,0.0,0.0,0.0,0.0,0.0,0.0,0.0,0.0,0.0,0.0,0.0,0.0,0.0,0.0,0.0,0.0,0.0,0.0,0.0,0.0,0.0,0.0,0.0,0.0,0.0,0.0,0.0,0.0,0.0,0.0,0.0,0.0,0.0,0.0,0.0,0.0,0.0,0.0,0.0,0.0,0.0,0.0,0.0,0.0,0.0,0.0,0.0,0.0,0.0,0.0,0.0,0.0,0.0,0.0,0.0,0.0,0.0,0.0,0.0,0.0,0.0,0.0,0.0,0.0,0.0,0.0,0.0,0.0,0.0,0.0,0.0,0.0,0.0,0.0,0.0,0.0,0.0
0.0,0.0,0.0,0.0,0.0,0.0,0.0,0.0,0.0,0.0,0.0,0.0,0.0,0.0,0.0,0.0,0.0,0.0,0.0,0.0,0.0,0.0,0.0,0.0,0.0,0.0,0.0,0.0,0.0,0.0,0.0,0.0,0.0,0.0,0.0,0.0,0.0,0.0,0.0,0.0,0.0,0.0,0.0,0.0,0.0,0.0,0.0,0.0,0.0,0.0,0.0,0.0,0.0,0.0,0.0,0.0,0.0,0.0,0.0,0.0,0.0,0.0,0.0,0.0,0.0,0.0,0.0,0.0,0.0,0.0,0.0,0.0,0.0,0.0,0.0,0.0,0.0,0.0,0.0,0.0,0.0,0.0
0.0,0.0,0.0,0.0,0.0,0.0,0.0,0.0,0.0,0.0,0.0,0.0,0.0,0.0,0.0,0.0,0.0,0.0,0.0,0.0,0.0,0.0,0.0,0.0,0.0,0.0,0.0,0.0,0.0,0.0,0.0,0.0,0.0,0.0,0.0,0.0,0.0,0.0,0.0,0.0,0.0,0.0,0.0,0.0,0.0,0.0,0.0,0.0,0.0,0.0,0.0,0.0,0.0,0.0,0.0,0.0,0.0,0.0,0.0,0.0,0.0,0.0,0.0,0.0,0.0,0.0,0.0,0.0,0.0,0.0,0.0,0.0,0.0,0.0,0.0,0.0,0.0,0.0,0.0,0.0,0.0,0.0
0.0,0.0,0.0,0.0,0.0,0.0,0.0,0.0,0.0,0.0,0.0,0.0,0.0,0.0,0.0,0.0,0.0,0.0,0.0,0.0,0.0,0.0,0.0,0.0,0.0,0.0,0.0,0.0,0.0,0.0,0.0,0.0,0.0,0.0,0.0,0.0,0.0,0.0,0.0,0.0,0.0,0.0,0.0,0.0,0.0,0.0,0.0,0.0,0.0,0.0,0.0,0.0,0.0,0.0,0.0,0.0,0.0,0.0,0.0,0.0,0.0,0.0,0.0,0.0,0.0,0.0,0.0,0.0,0.0,0.0,0.0,0.0,0.0,0.0,0.0,0.0,0.0,0.0,0.0,0.0,0.0,0.0
0.0,0.0,0.0,0.0,0.0,0.0,0.0,0.0,0.0,0.0,0.0,0.0,0.08994632438691945,0.09045246968803118,0.06935538895730023,0.06968083209450515,0.08637051928022271,0.08886111935284248,0.09257923856053522,0.10227295623874777,0.0947167798063001,0.10230046395996042,0.11957723970398956,0.09405675422722164,0.0883116065193153,0.09165201496868462,0.0804618492862652,0.09195557186902172,0.07313609510402541,0.06035545895159582,0.05990187094140033,0.06510638012209766,0.05206635537828126,0.052673981829866594,0.03370189902371273,0.03046057979192158,0.009584494703613462,0.006870059516624954,0.04077504779330711,0.04595005328722134,0.04002497025968593,0.040907574127649324,0.059032512352323714,0.07688633184161993,0.07692577664353273,0.08476969635741341,0.057636271187814385,0.03746563067303117,0.035258721471961,0.04910455362738512,0.05719662496396608,0.05754931429865006,0.07333583219191799,0.13286088267952811,0.13501113866990225,0.14459842911620205,0.17032153129949884,0.19515691996832096,0.19503838138037657,0.1410433985961516,0.13460799973153348,0.11399519316251104,0.055417063249371346,0.08807657285527867,0.12327317304664456,0.13393173595777155,0.12227088803461719,0.08728955838881532,0.11752385167687106,0.19740240964451183,0.1642362099491619,0.0,0.0,0.0,0.0,0.0,0.0,0.0,0.0,0.0,0.0,0.0
0.0,0.0,0.0,0.0,0.0,0.0,0.0,0.0,0.0,0.0,0.0,0.0,0.09751078731057569,0.07132693654374693,0.07601189100244123,0.09008491711276732,0.08508090693665799,0.08738623269295742,0.0931894886736518,0.09685606683439951,0.09655502643748798,0.0930298349714554,0.09890395930944777,0.07685185805069183,0.09065395060241711,0.09427619139728023,0.08767445880591856,0.09090254491565987,0.08376486566161954,0.07448159398141847,0.06725354312096758,0.06711001382757087,0.07198393961664887,0.06428791357683664,0.050267363532556945,0.04958973560002869,0.04789130617880863,0.04532523367623455,0.06203755661006583,0.05410399433891452,0.056554982759339886,0.05180373062943089,0.06621852174316137,0.0660776915347104,0.06264020096079263,0.0746286040827828,0.07775294638405768,0.07320515250528696,0.06416676554169093,0.06742517780560212,0.07512899357023994,0.07414384779140239,0.08108175955409681,0.10651304759156587,0.10988389585085213,0.11433127754842812,0.1273260977253338,0.13493359281726813,0.14628927010062442,0.12803321596743947,0.12870460215816604,0.11413813344263724,0.09150406233520345,0.10262818442602005,0.10979918175256946,0.11978047767653155,0.12314333647336317,0.11617942640684585,0.10492798520980456,0.14199146178587366,0.15564202945157884,0.0,0.0,0.0,0.0,0.0,0.0,0.0,0.0,0.0,0.0,0.0
0.0,0.0,0.0,0.0,0.0,0.0,0.0,0.0,0.0,0.0,0.0,0.0,0.08017862315467658,0.07601393364057457,0.08927525096576208,0.09202773383008098,0.09008365765510112,0.09246712908865393,0.09683962383630343,0.09734135718714303,0.09307280841849185,0.09661387085401611,0.10221680659996733,0.0827287411739857,0.08376669111050299,0.08445424840941972,0.08833374468064044,0.08330391491647662,0.07910877482354779,0.07718475706033355,0.0718327938102871,0.07175560777260678,0.07214137428633297,0.07218873502748165,0.06287693649295198,0.06613969538532465,0.06429337315962409,0.06542299627774092,0.07587189210218419,0.08017117606748504,0.0788846232376993,0.06935251909119303,0.07908934138754632,0.07996487287412243,0.07528548942600927,0.07823637089376322,0.07699211446158902,0.07379863856850366,0.07191028318236525,0.07491440892121896,0.08279713390293375,0.07775282502507246,0.07589966809793305,0.09217567363885126,0.0897295134420723,0.10337851617204402,0.1082853370975601,0.11745675098705795,0.11174157220835769,0.11503959011621424,0.11334414782798621,0.11093382802150153,0.08664237042976808,0.08950094298421102,0.11816634098777051,0.11836654918222193,0.11687048719330792,0.12037517770747666,0.11772309056618131,0.12940491202922252,0.16002857283069458,0.0,0.0,0.0,0.0,0.0,0.0,0.0,0.0,0.0,0.0,0.0
0.0,0.0,0.0,0.0,0.0,0.0,0.0,0.0,0.0,0.0,0.0,0.0,0.0729212721372965,0.07960493833495264,0.08504377888231211,0.09528144000637687,0.09419154751122723,0.0913355280895728,0.10115964153004216,0.09851056022128529,0.09429224759498775,0.09582687379365819,0.0963309076957824,0.08690474366311184,0.08698401496106202,0.08629723883008131,0.0908694960780058,0.08540531807457954,0.08407456680620493,0.07940076574577401,0.07880393019609182,0.08258826151555444,0.0795547698331494,0.07871278508961373,0.07674481909585633,0.07128630653463425,0.06995193414265145,0.07312290544649748,0.07413981444429515,0.08235691589560756,0.07570532981084721,0.0830973033885749,0.0803197628482359,0.08660661402218552,0.0939458427068899,0.08685009362915616,0.0925819630377542,0.08620457245895469,0.07905476253958399,0.076336179998673,0.08694403285912651,0.08011305537591032,0.07664421843194169,0.08775011353553945,0.09240699499053424,0.10300161725968568,0.09918321847373578,0.11751898780131002,0.11214605944260171,0.12006072402042996,0.11446700671136038,0.11410110628055013,0.08755315833470241,0.07991954139974021,0.10775163405120454,0.11022975636260667,0.10950080365277826,0.1177926755776892,0.1220109557823714,0.12562769424158585,0.1361959357086637,0.0,0.0,0.0,0.0,0.0,0.0,0.0,0.0,0.0,0.0,0.0
0.0,0.0,0.0,0.0,0.0,0.0,0.0,0.0,0.0,0.0,0.0,0.0,0.0734912122772496,0.08173152975783389,0.08772792561963152,0.09168708969513431,0.09583445783016624,0.09308942527482798,0.09841175136023146,0.10175771764288535,0.09593150609247265,0.09908773045854728,0.0948224848717424,0.08997239333755379,0.08668859124327345,0.08350936017708611,0.08712864752247261,0.09155134311950247,0.09220474795957374,0.07523844434492336,0.08018086276700669,0.0922242539196687,0.09269402443621827,0.08506938384983458,0.08284973424402875,0.07227237957590754,0.07716377294770883,0.07304746524948882,0.07962006560858009,0.08484268581537908,0.0867263400594772,0.08368519905565504,0.08875102276455799,0.0814745786728587,0.08638124196103472,0.08873350062789598,0.08490623967808965,0.08946769233451694,0.08954985831003398,0.09200661479257645,0.08921577326054243,0.08630773654965014,0.08647215648881118,0.08234085617952545,0.09097366633766873,0.0972188652438998,0.10441646045123891,0.09640710523227197,0.10232017727534654,0.10363039278761262,0.11342965511437927,0.10750581555838817,0.11010538893146211,0.08066845536204655,0.09233430012935777,0.11141726980531061,0.1074663065907241,0.10887926271786157,0.11820956528698266,0.12458667139024487,0.12179543053636363,0.0,0.0,0.0,0.0,0.0,0.0,0.0,0.0,0.0,0.0,0.0
0.0,0.0,0.0,0.0,0.0,0.0,0.0,0.0,0.0,0.0,0.0,0.0,0.07380153876249552,0.07854606676720169,0.08345537405217379,0.09265871124179344,0.09372845801838084,0.09481459319358079,0.09600813065921003,0.09699519060711734,0.10194916213552487,0.09808843373751001,0.08898203586788705,0.08472168016167321,0.09929256159944579,0.09343269507862612,0.0869902941709003,0.09365559016450456,0.08712020323433564,0.08109462673651992,0.09454413793718584,0.09130987360655379,0.09831544906358984,0.09051267828677732,0.0841572041187917,0.08987766747449792,0.08234936467141499,0.08137766334828443,0.08974130207515296,0.08916090275020903,0.09346311840938473,0.09413339325288803,0.08737559234406389,0.09192039775108773,0.08786956830554532,0.08650983406606372,0.07896973325979008,0.08205370262234243,0.08588077799438315,0.0894450662005177,0.09096161832714997,0.10050477888070247,0.11158439111667613,0.10821052455018809,0.10130783409159769,0.1054002095861035,0.09805960354421141,0.10357160524311838,0.10231652659841554,0.0965958771637081,0.09795370124646592,0.10383257536670734,0.11118663136411451,0.10168743950037083,0.07989616439737425,0.10494784979858741,0.1092517517596528,0.10916270094620538,0.09938003007638044,0.10027120041021398,0.09645270041880137,0.0,0.0,0.0,0.0,0.0,0.0,0.0,0.0,0.0,0.0,0.0
0.0,0.0,0.0,0.0,0.0,0.0,0.0,0.0,0.0,0.0,0.0,0.0,0.08205432348399339,0.08747333677671841,0.08981388145160996,0.09058124915238061,0.09564085786932895,0.0921301274472829,0.08976995831338148,0.0908466398587276,0.0866735448189146,0.08904784899633908,0.09383082046958822,0.09234549682087625,0.0882585085596538,0.09139387695706268,0.09870608286357757,0.09823474145783304,0.09513417376683628,0.10328715141136992,0.10303411090506256,0.10147731063616597,0.09639051517523464,0.08872060564191163,0.09285021241743066,0.09172792156235082,0.08734527598543568,0.09308009940909072,0.09577863785172804,0.09546850566085384,0.10110848981916001,0.0991000661516943,0.10066985353482369,0.10030398490667022,0.09551644335727125,0.09678731904879795,0.10135094444660067,0.10145129744509061,0.0942568641756127,0.08674418866388102,0.08778229173954519,0.08692366941801548,0.09965856602948943,0.10473180398822027,0.10605323170115238,0.1120856384563039,0.10519428861750403,0.09178646689543504,0.09016910232839362,0.09545578525325471,0.1147267721097403,0.09760559040128221,0.09775068293618128,0.08974406664161058,0.09259629641689623,0.10671274115745653,0.10759140422609059,0.10484571025099093,0.10673437074972385,0.10536261214770264,0.11793113102951702,0.0,0.0,0.0,0.0,0.0,0.0,0.0,0.0,0.0,0.0,0.0
0.0,0.0,0.0,0.0,0.0,0.0,0.0,0.0,0.0,0.0,0.0,0.0,0.08459151022034862,0.08446535131079211,0.09357133296653661,0.0911404740537462,0.08963000488313146,0.09401060157589386,0.09345633578869278,0.09870418088831653,0.09380867141810008,0.09353151237527976,0.09421691377850339,0.08280904307680409,0.08424457785100647,0.09683695097013587,0.10765058961343078,0.10331196375328225,0.09906637109685398,0.09185721737320628,0.09998936424127274,0.1065241644917137,0.09364828187664637,0.1056149761874372,0.1066020204205632,0.10117185468509808,0.10079129859774444,0.10196126014224938,0.08720587873333212,0.1003066060591653,0.09304122883120709,0.11102494621336412,0.11318839638796148,0.08365783707471693,0.09884426554377937,0.10894859445229362,0.08832608072762499,0.1081473078251599,0.10477838231853001,0.09846918417430668,0.08916726640567973,0.09695705520341569,0.07790017557197247,0.09433895132492624,0.09216220171803834,0.09594918582824097,0.10805147816924401,0.12265243405679141,0.11381543387733556,0.09932713226667188,0.09237481578082207,0.10132666192774985,0.0912079759328886,0.09931139938973252,0.10701691413271058,0.0965277676125958,0.0999021115399422,0.08837929263741126,0.09053524735340084,0.0874365123526227,0.10093105153459106,0.0,0.0,0.0,0.0,0.0,0.0,0.0,0.0,0.0,0.0,0.0
0.0,0.0,0.0,0.0,0.0,0.0,0.0,0.0,0.0,0.0,0.0,0.0,0.09453772038896166,0.09584981255434427,0.09535396740168706,0.09608623856472305,0.09152441242134024,0.09587916498004477,0.09279477471753297,0.09002755872328569,0.08991735420593211,0.09169986765921677,0.08750217704597252,0.0857565410711,0.10031370683110769,0.10219386357164864,0.09731517275887616,0.10230434853908894,0.10957968737902764,0.103579379166518,0.10002951374783113,0.09675659826778166,0.10205861391924272,0.08994957813682113,0.10270234627473779,0.10181352839364563,0.11044785192332462,0.11450872710897718,0.11159589570404128,0.09128700121076838,0.09282825965555566,0.09691345754349398,0.10458044649921093,0.11655242800626331,0.10038107683426119,0.08705193028120425,0.09769265270359888,0.08293549661506859,0.09192226361005057,0.10289415065703174,0.09701642480700282,0.08840654782851792,0.09406941608922567,0.08425663282086618,0.10573224816056212,0.09390986813605351,0.09932801398631332,0.11075598916612224,0.12182696215162928,0.11632128367576265,0.10889179335490493,0.11685904520423912,0.09483087731012113,0.08979332526493566,0.09286668967287463,0.08634446325558326,0.08347427564319271,0.0869990812031482,0.09321563561719803,0.0913264024493794,0.09574373973283477,0.0,0.0,0.0,0.0,0.0,0.0,0.0,0.0,0.0,0.0,0.0
0.0,0.0,0.0,0.0,0.0,0.0,0.0,0.0,0.0,0.0,0.0,0.0,0.09419308823347278,0.08996710222538923,0.08524639419828116,0.0857072502983739,0.08767346640252834,0.08422027372719124,0.09042448968017745,0.08715065131194234,0.09179917787987046,0.08413606377511307,0.08847024239440526,0.09918759046643574,0.09420892838347407,0.0932989508584957,0.09679693722802202,0.10238084088566873,0.09050729115818197,0.10562668615757102,0.09991330640631577,0.11202985233594051,0.11257178705470097,0.11329262025672811,0.10765492614088394,0.10858665084051759,0.10788664652008234,0.10110100232957754,0.10689272596289662,0.11343068833586509,0.10839083262881757,0.10815375718754672,0.09862968178457338,0.10080427069742928,0.11048168388642941,0.11350946341532397,0.10152247102823593,0.09784526167571855,0.09453021352467779,0.09359401167834851,0.09591346513225486,0.09257745075778825,0.08883165574381971,0.0817298830933932,0.08180621599085929,0.09962350023888898,0.10056757893989961,0.11597434271508705,0.11190778168291174,0.11030662910327037,0.1113592618483403,0.10660756550757705,0.11879573042760411,0.10779134215777533,0.10893373587259421,0.10117853513264922,0.09169614644737278,0.09293579981823748,0.08428821993017993,0.07908064742135075,0.08234353679841148,0.0,0.0,0.0,0.0,0.0,0.0,0.0,0.0,0.0,0.0,0.0
0.0,0.0,0.0,0.0,0.0,0.0,0.0,0.0,0.0,0.0,0.0,0.0,0.0890900581282232,0.08461383945127496,0.08752446529585864,0.09553807329586095,0.10032276990144823,0.09546340126550902,0.09720550354521397,0.0957286658225808,0.09605421468121007,0.09965473869296455,0.09374330484118243,0.09778572733770269,0.08732428886283945,0.09923434953375801,0.09614885384093028,0.10345113341041191,0.1036857076454939,0.10958830587748421,0.11189882147461044,0.10768191029501148,0.1043601132547645,0.09220057955665513,0.09564830272873989,0.09783665529946428,0.1043222778610848,0.11774694738395,0.11201277239544621,0.11523689942452081,0.10975974873004296,0.11251858734999887,0.10136223761033303,0.09608580239339085,0.09651342495477841,0.08786367157378916,0.09601935370787054,0.09992643817799575,0.10299437849956475,0.09723435432764567,0.08487914027805933,0.07845650723678153,0.09076803094188243,0.09067679316497965,0.08696014526260346,0.08491887727109741,0.10381520469660652,0.10233001962631251,0.11141553041219422,0.12018851783946127,0.12202430043301561,0.10233297591951472,0.10732663034244834,0.10139027195540637,0.10164212375423923,0.08657549998027073,0.10129219308388777,0.0911145986471793,0.09751917744454443,0.10185687573075636,0.10622486881014176,0.0,0.0,0.0,0.0,0.0,0.0,0.0,0.0,0.0,0.0,0.0
0.0,0.0,0.0,0.0,0.0,0.0,0.0,0.0,0.0,0.0,0.0,0.0,0.09350415340977172,0.09189753360829381,0.09383327892031311,0.09976522266135164,0.10220566070309406,0.0961052886879715,0.09408648900770486,0.094596734199255,0.09826548309602,0.09055365881740723,0.09717701723120056,0.09368286741901666,0.09812057509303067,0.10047968130760236,0.0966431889137395,0.10340557512599759,0.11015777821547514,0.10976397724200648,0.11098137530599159,0.10650542687519847,0.0975260133026552,0.09998959864816889,0.1016365564110953,0.10352945958539923,0.09475703418803448,0.09438164373234666,0.10927845080063255,0.11053414460554548,0.09566473399839134,0.09040983493627097,0.0958114862795359,0.0964320424260665,0.09421958123378651,0.08970847170292962,0.08938175459502648,0.08068088887669427,0.08124454987102168,0.0904684527857547,0.08446427959087044,0.07805388320631704,0.08665886584355208,0.09771763181729663,0.09724841814984451,0.08428525128233916,0.08385824379166248,0.08765573423917979,0.09553460811167003,0.0954491188887829,0.09610033673191917,0.0942860466298785,0.0953465059761539,0.09877924524353297,0.09968549917358131,0.08451172867230418,0.08451369791789115,0.09048056604631637,0.09553493843234916,0.08473019363375404,0.08463866277460569,0.0,0.0,0.0,0.0,0.0,0.0,0.0,0.0,0.0,0.0,0.0
0.0,0.0,0.0,0.0,0.0,0.0,0.0,0.0,0.0,0.0,0.0,0.0,0.09228858322535179,0.09120522443285058,0.09697950315394173,0.10341006465609022,0.09624584766664122,0.09524607941438994,0.09594463889533339,0.10181755650530805,0.09232609014872767,0.10193618308037487,0.1002493801248361,0.09655424873078873,0.10344455246490676,0.10103992053025083,0.10068792907032263,0.1091060959812752,0.11169162345549752,0.1121213895034499,0.09595918004775579,0.09482599511749314,0.10504032755467152,0.09363104345655547,0.09916267768613116,0.09039311480963914,0.10464464173815036,0.10914612728437463,0.10504396166998031,0.09563758490299255,0.08434962562290091,0.08051594818871749,0.09200644214198897,0.0986852499429664,0.09274618495931751,0.09555178595162811,0.1078225457663659,0.0983721341702077,0.08318135629321892,0.09308826659740808,0.09076280606162453,0.07785362213479581,0.0744485046818034,0.08915676524487481,0.0944304847850089,0.09612832398247681,0.076698290444434,0.08823342920619466,0.0944463452705614,0.08980591110485876,0.09083366511420411,0.0821384676392082,0.08656231183231086,0.09333305411225898,0.08584159065431471,0.08640808560954633,0.10908997113858282,0.12088554246014833,0.10266418062962607,0.1057295071649806,0.11190763257871653,0.0,0.0,0.0,0.0,0.0,0.0,0.0,0.0,0.0,0.0,0.0
0.0,0.0,0.0,0.0,0.0,0.0,0.0,0.0,0.0,0.0,0.0,0.0,0.09617230993906789,0.0966435601496771,0.09783267358293771,0.10430072383027397,0.10894145932580189,0.10245978522033021,0.09439713234442185,0.08999968154132747,0.09503130725936441,0.10315044829028094,0.10850207292181192,0.0936170810382576,0.1080085029931384,0.10473109567499089,0.1019679905632226,0.10396133762121806,0.09756230103243221,0.09676845061773989,0.09723988039182378,0.09650654486105786,0.09790549297988707,0.09765346142320228,0.10004821093164921,0.10485959555001421,0.10904896149349329,0.09437382246474842,0.07907078082912965,0.08949114935110596,0.06370887961190475,0.08141640477235512,0.08352669931508491,0.08991913903072725,0.09222263404425968,0.11338940779353937,0.10116461498018714,0.10570362830197744,0.10432545649595489,0.09392513291948947,0.08933710401006567,0.0825185862877538,0.07630926007396016,0.0828963783558854,0.08676720412164814,0.09064066862875389,0.08508244204504098,0.083154261739446,0.10409531531124536,0.09453166768238563,0.10575939132646042,0.10761615234604632,0.08598788073274648,0.08214452984194952,0.07808185524146602,0.10448870500830028,0.09566456954052086,0.07838178328372884,0.07869461973091467,0.09809746053100432,0.10191816850900746,0.0,0.0,0.0,0.0,0.0,0.0,0.0,0.0,0.0,0.0,0.0
0.0,0.0,0.0,0.0,0.0,0.0,0.0,0.0,0.0,0.0,0.0,0.0,0.10229445664735942,0.10170183803947577,0.1084499382344539,0.10742882530153451,0.10375458774318069,0.10440531942633641,0.10417593069560685,0.11419983756538687,0.10288160485629226,0.09865193953938359,0.09818939543846698,0.10226708420957213,0.09770596982559346,0.09672767839952195,0.09156772874176788,0.09892574096716676,0.09855127811601704,0.0902576155345832,0.08977328318959726,0.09549928073426378,0.1104316972834063,0.0949731390548923,0.10166957160820177,0.08954370115267056,0.0739818074340512,0.09015502675543564,0.08603227321513297,0.07615517220337809,0.09656590019604702,0.08802821068847368,0.08603999265889323,0.07954154766093019,0.07034338429663615,0.06277676321580887,0.08951757778572152,0.0841769985547979,0.09321258720714906,0.10061318289142138,0.09598444769026242,0.09288917732413439,0.09916169043075643,0.08019203590268884,0.0950637972440498,0.09759358101198821,0.08921114078483611,0.08485849524889158,0.08432445272389044,0.10022136530435052,0.10253933179489126,0.08949954049614343,0.08969718778121144,0.07182840811834082,0.08948435941960492,0.09157277139862033,0.08537214929569764,0.09301098365731074,0.09182998175650627,0.08677826515023221,0.08136788398505183,0.0,0.0,0.0,0.0,0.0,0.0,0.0,0.0,0.0,0.0,0.0
0.0,0.0,0.0,0.0,0.0,0.0,0.0,0.0,0.0,0.0,0.0,0.0,0.08623927283282604,0.09140538537837074,0.1019980772576332,0.10178180357645991,0.09779823258592742,0.10265746943045156,0.11099627030025787,0.11066532805631304,0.10392682863984373,0.09936776118011177,0.09319474065711089,0.09686372913834591,0.09281170755371801,0.09350660562651386,0.10484893154310404,0.09050336300999216,0.08673532741655361,0.08953525394735526,0.08792365917213456,0.10313478308051477,0.08578079146141619,0.09442856977355464,0.09954500321507515,0.08699204956433351,0.09928785731509654,0.0864583167788721,0.0818405072072312,0.08858278608239224,0.08791650893899251,0.08555073283717171,0.07428515800607932,0.09058671531445191,0.09507046202770977,0.08974718623609171,0.06285568771005837,0.09810420793782175,0.08904651979744885,0.08455837340468217,0.10477779305755021,0.09936817577665721,0.10516244186566873,0.09880699447828664,0.09536080994825319,0.09640945514729903,0.09800831748601871,0.09820447752841151,0.09492443741731289,0.08851764632595356,0.09291900413740418,0.09264179658873872,0.09113217492079599,0.10426185086656682,0.09001184305037252,0.07921354870787425,0.08917603341095065,0.09614428500000254,0.09334021204880508,0.09721144640455469,0.10380377602279943,0.0,0.0,0.0,0.0,0.0,0.0,0.0,0.0,0.0,0.0,0.0
0.0,0.0,0.0,0.0,0.0,0.0,0.0,0.0,0.0,0.0,0.0,0.0,0.09706616717842895,0.08848898685353565,0.09377107973306846,0.10278457312439415,0.10575517469953662,0.10851414027988117,0.11412661866843382,0.10535090658907643,0.10796956995496577,0.09899861563817497,0.09456676477984602,0.10109437608158985,0.08625103836107752,0.09843730453574362,0.099250910031674,0.09266349002617882,0.08680301706975867,0.09684024352370492,0.09835771955644328,0.08759723454145882,0.09626175203626446,0.09001880928677321,0.09657653183665098,0.09986160621540435,0.09859183048877723,0.08854656587603234,0.09576740939188023,0.07780819676030047,0.0768911017000161,0.08361441405346473,0.08830628806134606,0.08799847366039383,0.09753992727078663,0.09083852378620255,0.09478277024852427,0.09183279137353415,0.10055365764896657,0.10013848762075725,0.09152518428508379,0.09950657863399649,0.09455921678040495,0.10059059132885191,0.09691369807123772,0.09670861331165019,0.10074932754206263,0.0979120539392788,0.11480751489320466,0.09506006563677992,0.0743695827202733,0.08228464490982007,0.09975749003985564,0.09783530317120027,0.1111020829466731,0.0913382055179526,0.09565601112307541,0.09093430355022435,0.0699219970522497,0.08628263630136424,0.10163580973762022,0.0,0.0,0.0,0.0,0.0,0.0,0.0,0.0,0.0,0.0,0.0
0.0,0.0,0.0,0.0,0.0,0.0,0.0,0.0,0.0,0.0,0.0,0.0,0.10511778650925702,0.10794149255717521,0.10640814995964275,0.10391833138782146,0.10232180235405068,0.10739611422526017,0.1013029411875919,0.10396657386154924,0.1056058246091737,0.1011130055531619,0.09573237738255186,0.09656779354017697,0.09664836633768464,0.09580081648206253,0.09109426070960416,0.09784034537522493,0.10145373566479239,0.09058814096737142,0.08967031444298833,0.09079570553768503,0.10252584525342973,0.09617941754146024,0.09285118340161136,0.09498141219895674,0.09060338723713643,0.08694870461541962,0.08759139753462221,0.08513180647586518,0.07977076237859793,0.08482784212594227,0.08790448995112149,0.08915853050520746,0.08694667046709645,0.09890659907345194,0.0932106063721402,0.08748904132775352,0.09461991863534813,0.09321719913483262,0.09540951442436567,0.099056808495694,0.08688283626431736,0.0887761749029696,0.10078123859864048,0.09737991726025387,0.09794317330482374,0.09535729029660416,0.09463631492540622,0.09920263288123479,0.08869607198776797,0.0959071656668346,0.09663273475547093,0.09702149489906814,0.09880210772085112,0.08420488622714876,0.10455655911818358,0.10602589547879582,0.10906561349214144,0.11166461050682618,0.11501463830085731,0.0,0.0,0.0,0.0,0.0,0.0,0.0,0.0,0.0,0.0,0.0
0.0,0.0,0.0,0.0,0.0,0.0,0.0,0.0,0.0,0.0,0.0,0.0,0.10269989807726436,0.10566614440558245,0.10264522377159142,0.10406629912891517,0.10204257377260728,0.10114164578495995,0.10168360376252002,0.1074885530879133,0.09210501188189446,0.09227070073194978,0.0991997439570068,0.09420524094118268,0.09248596390847026,0.09212465135829272,0.09991224461999176,0.09531200011448052,0.10076876370595517,0.09031745004658356,0.09271160562680685,0.08718662538859814,0.08814876120076313,0.09165288860134416,0.09609503530592287,0.10246614807363603,0.09299828871129648,0.10710008847239126,0.09196759383003869,0.0918644120337224,0.08329718331814553,0.08705986023363325,0.08215444306619592,0.10023223858549482,0.09963650420628811,0.0965085403679637,0.1015158445424069,0.09516985646123254,0.09162543097755976,0.09015572234438289,0.08506071217517426,0.09028951955680849,0.0877758216422137,0.09355259061363941,0.08757447930317953,0.10349257360204327,0.09988751132729297,0.10188829282123579,0.09473907977447736,0.09894098009181357,0.10780163083087572,0.09035560073008198,0.10924773969037226,0.11154754880935522,0.100401101722885,0.097147182284235,0.08356165112767495,0.08875760117958664,0.09768070177121925,0.1036945854166702,0.10745838125101552,0.0,0.0,0.0,0.0,0.0,0.0,0.0,0.0,0.0,0.0,0.0
0.0,0.0,0.0,0.0,0.0,0.0,0.0,0.0,0.0,0.0,0.0,0.0,0.0905027183854706,0.09805362150995207,0.10283006931692638,0.09688973776646155,0.09890675968931371,0.10313104505852501,0.09089664764794297,0.09019662977087686,0.10258985057657172,0.09176955523922321,0.09191237443622059,0.10011548675797613,0.0947150311913529,0.09682061813792328,0.09633650751404568,0.09657658860045949,0.09437765979913891,0.08656695371752511,0.08957305355952631,0.08896894098852073,0.09729449424504633,0.10127522113823603,0.08762105130461005,0.09181243139344523,0.09295174119169165,0.08126687668387575,0.0841978888394853,0.0923460226491948,0.08705764362243026,0.08059162721455616,0.07754650712873411,0.07317435907228348,0.08718118574656447,0.09537276141726038,0.1000240868845225,0.09425750344669596,0.09552641270810107,0.08171691409434292,0.08932017911718919,0.0846727303995848,0.08848233261912772,0.09995302332668947,0.10197412561161374,0.10987612830930273,0.10070997651355923,0.10039567800411653,0.11230749198011492,0.10503625162894861,0.10732530281940725,0.09026893914011146,0.09627442095310004,0.10794458409184464,0.08957175754563705,0.09541976253396076,0.0867663584395839,0.09136398351175973,0.08383715056595573,0.08238011535558531,0.07978119592343744,0.0,0.0,0.0,0.0,0.0,0.0,0.0,0.0,0.0,0.0,0.0
0.0,0.0,0.0,0.0,0.0,0.0,0.0,0.0,0.0,0.0,0.0,0.0,0.10717549230874081,0.1092678367109096,0.11141164367602382,0.10885702229865843,0.102335058277437,0.10040295459042395,0.08663409304622519,0.08596528488838066,0.08847350919911999,0.09348799140715404,0.09132882175361581,0.0966997658561066,0.09843934649915606,0.0939095398099753,0.1010490238157605,0.09500123507929258,0.08973704175291689,0.09174263844316691,0.09454589614305775,0.09864534756824843,0.0844195691462016,0.08361429795998945,0.0965529441078739,0.07874083629198599,0.0790170904308722,0.08881359989135929,0.07921140782722257,0.08610104317080236,0.09575445626226631,0.09418538732822661,0.0872049866037284,0.07969030948187916,0.07693551598075928,0.08439648151308135,0.0900209641250866,0.1013273416954734,0.09532954456135491,0.08223412976300606,0.07230868924270081,0.08169359441478619,0.0926005954538491,0.09806909861606562,0.08780075003616128,0.10280063137778371,0.11576174777464959,0.11725589632873953,0.09686990755574637,0.1073255683119652,0.11374546685686737,0.1148402679093225,0.09902622605563961,0.08889004842181927,0.10210277652169439,0.10216201374864296,0.10243413905154551,0.09636284338561633,0.09289432463368391,0.10451978407121026,0.10862486705481765,0.0,0.0,0.0,0.0,0.0,0.0,0.0,0.0,0.0,0.0,0.0
0.0,0.0,0.0,0.0,0.0,0.0,0.0,0.0,0.0,0.0,0.0,0.0,0.09422907732589328,0.10227174612437175,0.10984483845616883,0.1032640401080437,0.10614181022440654,0.09777555747932881,0.09751563852770535,0.08285102712232462,0.08388347038077329,0.08872689895237469,0.09368679462965915,0.08549541004240586,0.09171488653707476,0.09223020694120256,0.09418625835403661,0.08388691562196537,0.08772292966105354,0.08687552017234886,0.09805321620144727,0.09802981601963634,0.09291466889434084,0.08880766788485339,0.09263370774679953,0.08948614076629893,0.08158116552858012,0.08416769272753799,0.0816481989899979,0.07237898750391933,0.07625114617124772,0.0926293570067182,0.08856310606864508,0.09087177344833006,0.0734472830878414,0.09268931051660709,0.09123261965004015,0.08751611453525449,0.08198554867424933,0.08357719671149809,0.08834722629102554,0.09146686771146896,0.10331083744343,0.09587349350782996,0.10587187521626285,0.10856326881667626,0.11221711428900262,0.11929220037918087,0.11135588455513058,0.12142877823833426,0.10590926744222881,0.11767311756987954,0.0889870879266137,0.08212134025252488,0.11054837005932286,0.09453129630367244,0.09940916470799024,0.10992987734890756,0.11635667013286781,0.11243438043321732,0.11026276386428488,0.0,0.0,0.0,0.0,0.0,0.0,0.0,0.0,0.0,0.0,0.0
0.0,0.0,0.0,0.0,0.0,0.0,0.0,0.0,0.0,0.0,0.0,0.0,0.10502596044775604,0.10631915822059843,0.10265539019390205,0.10392371721678006,0.09272753943282946,0.10134021145297298,0.09500169154788747,0.08570047224714968,0.08843781745840763,0.08775741923301557,0.0842349227224604,0.08741451912995622,0.0911349690459122,0.09416645029317147,0.08629696101009372,0.08295155394763579,0.09656560491669307,0.09127032084076168,0.07920464739119884,0.09939665761418585,0.0921940139724916,0.10625350776146918,0.09380320965787332,0.09925544745178266,0.08221140782765009,0.07443268432970263,0.0800602595058841,0.08496512543710948,0.08786066212669934,0.08196853132000351,0.08380769328211707,0.06882380476712507,0.08403136349869203,0.09338281422290592,0.08028321444961568,0.08473697068654489,0.09051077641175881,0.0854439871597823,0.09922073780731651,0.09436337259283482,0.0950028144565844,0.10604290060453836,0.0999991652497532,0.09896774549424152,0.10243163215042743,0.10535584685656278,0.12384837071473236,0.11068454804665222,0.10469596419874612,0.09793710693632517,0.10171283589412429,0.10735449642051632,0.11817121726747748,0.09863938102974137,0.09682962961431857,0.0892349340271531,0.09163045532210586,0.0842665309628855,0.076966037608657,0.0,0.0,0.0,0.0,0.0,0.0,0.0,0.0,0.0,0.0,0.0
0.0,0.0,0.0,0.0,0.0,0.0,0.0,0.0,0.0,0.0,0.0,0.0,0.106482057779579,0.10592135686726457,0.11176070521287569,0.10330238142811601,0.10014065159875221,0.08720563004391328,0.09194998044110177,0.09374346155474635,0.08610238355280417,0.08772704179724988,0.08445818143148887,0.08168377444693195,0.08819480266582244,0.09339722964754728,0.08437905216508865,0.07985952148062155,0.08220331160832386,0.09915588341414583,0.09943899555331775,0.09284246963793821,0.10109332694992713,0.10097580403269192,0.09731221580257113,0.08544711983499388,0.08748393525558947,0.07657778142874902,0.08184601555870202,0.08243690962210531,0.08558637844250307,0.08957980986446236,0.08136780015012027,0.09547812764283926,0.11692313659769454,0.09808823253429308,0.09185234475301969,0.08873182357733336,0.09340656764833019,0.10075128348739651,0.10451885001274287,0.09962355487099481,0.10243426309238453,0.09767704794331766,0.10454505586209265,0.10524577395316781,0.10891659963865537,0.11926482330806358,0.1201193554956715,0.10727204528171796,0.10126415325941976,0.09829243078484899,0.11363611840378174,0.10311066867993778,0.09364115897908794,0.09398698466756009,0.09708192922485306,0.08616042962181883,0.09361149813161518,0.0875113471528936,0.08822312794603297,0.0,0.0,0.0,0.0,0.0,0.0,0.0,0.0,0.0,0.0,0.0
0.0,0.0,0.0,0.0,0.0,0.0,0.0,0.0,0.0,0.0,0.0,0.0,0.09939569747119081,0.10472156802587441,0.109368048228593,0.11427072011390763,0.09721544853805668,0.09717077231858763,0.10299917892892559,0.09687032747037277,0.09820589527588819,0.10199133516293499,0.0904978613212239,0.09268419811118238,0.08823111895415095,0.08214768118557413,0.09047775255790123,0.0839023516595636,0.07388336579372243,0.08221073180893243,0.09687013723659009,0.10246269000989151,0.09781887476743156,0.08867695615454464,0.08998381471957002,0.08880419307620425,0.0971238570945993,0.09125379163570574,0.08892154672861576,0.07954398966217552,0.06336078111544546,0.0664359130034513,0.07745403811161022,0.08753706142466663,0.08317107631202489,0.0794065431298703,0.09010351549627384,0.09783363288254229,0.11446393574010699,0.11650485724732738,0.1048079722415017,0.0972302625972201,0.10231963977522557,0.10673557070522201,0.11255885671203143,0.11311139352061687,0.10978482501224078,0.10097583317457857,0.10932827608671532,0.09858684843424315,0.10581765206340615,0.09532821106055092,0.09936490521952202,0.100608144765341,0.08782967077891844,0.09944612413371873,0.09149599475206759,0.09049176324343387,0.10517529920169816,0.10473426403671023,0.09348104636332821,0.0,0.0,0.0,0.0,0.0,0.0,0.0,0.0,0.0,0.0,0.0
0.0,0.0,0.0,0.0,0.0,0.0,0.0,0.0,0.0,0.0,0.0,0.0,0.09279577842608869,0.10676387161807001,0.10012836120446852,0.10346094952689751,0.10385891076484127,0.09784626386159422,0.09809176673923611,0.10556734221826876,0.10820904702725054,0.1025282985450213,0.10185454050359984,0.09055402127803182,0.092815647309359,0.09049733919345428,0.09224655482816525,0.09932243731637944,0.08785387016862285,0.07470568535865482,0.08410089675377026,0.09764226252413799,0.10093159943137431,0.0938772570356973,0.091771418809521,0.09169697034163533,0.09562392834295007,0.08855288027707328,0.08510885285356996,0.0875441065623395,0.09415289177706426,0.08460253968213667,0.09524003019400168,0.09555226004278174,0.0893256184270274,0.09320129623395745,0.09798379207102136,0.10807668591454983,0.10523643050793305,0.11360752900093002,0.1085273539163037,0.10393078987478398,0.10365929822129025,0.11674379821077473,0.10442520255636767,0.10000059009638179,0.11405196431125915,0.10171288329859925,0.09111851926378552,0.0908049535629861,0.10010979994925659,0.09777245716902021,0.09666640963610525,0.0886991332793705,0.09612245742045551,0.09419145072555385,0.0838327326339029,0.08622980285600326,0.08567365387097461,0.10025015829412352,0.09714006162370567,0.0,0.0,0.0,0.0,0.0,0.0,0.0,0.0,0.0,0.0,0.0
0.0,0.0,0.0,0.0,0.0,0.0,0.0,0.0,0.0,0.0,0.0,0.0,0.08657684549995098,0.09785948284140897,0.09802024643083394,0.09768821148905694,0.10789323218264432,0.10326040550084582,0.10549894084640815,0.10290869118038722,0.09728106395709762,0.09524900521875963,0.09816579723211347,0.09970664000794557,0.08536813201712531,0.08957079400395114,0.0914223644769704,0.0864269634544348,0.0904364411515249,0.09350314713627486,0.09247544744475102,0.09998332704329015,0.10674867172082018,0.10222455387010329,0.09677669845271177,0.08699240109940345,0.09821734512765955,0.09359799403520676,0.0860677305634326,0.08709978713198922,0.09476779729768837,0.10768294698641574,0.11368115464802422,0.10835979703136835,0.1066000979497078,0.10898786872797321,0.10540660213619919,0.1023066270178223,0.11124197640531379,0.1024365196872098,0.10488896522418203,0.10455188157543197,0.10628507445348169,0.10441794874201145,0.10451937551267844,0.10306577567262808,0.10033760816320265,0.0967429055956448,0.09520809898783858,0.09531238749867392,0.09591179699402622,0.07881666368429875,0.08642376357172141,0.09446423949689944,0.08370736005219571,0.1035446947836088,0.0890395062864138,0.09089245029297205,0.09881753590773636,0.10293868310325371,0.11692037139047368,0.0,0.0,0.0,0.0,0.0,0.0,0.0,0.0,0.0,0.0,0.0
0.0,0.0,0.0,0.0,0.0,0.0,0.0,0.0,0.0,0.0,0.0,0.0,0.07661187191440291,0.08534045787709019,0.09266319648468202,0.0980582116817524,0.09962726764622447,0.10995892392387897,0.10628070936225262,0.0998295579708082,0.10069293263950488,0.10075783851615981,0.09776977033805531,0.09403947370702416,0.08331891408094197,0.09822620301644876,0.0896199593659949,0.0921870803828488,0.08713379947629242,0.09499948927505397,0.10681036641626745,0.09619526697845901,0.1037979032463238,0.10471472292853659,0.10306635867028083,0.09710968312694324,0.09713787949262866,0.09777409339179528,0.09120299889116845,0.09309007995739295,0.0904073071191722,0.10757290856707587,0.11705776009540743,0.12091220613251902,0.1211745662413563,0.11379254295506888,0.10597323081535069,0.10839962525471093,0.10387075034783456,0.10310729686064848,0.10182055288811359,0.10429339098929488,0.09887309713014415,0.10022456631015929,0.0999295620556826,0.09146308884788237,0.09488297038399095,0.09183210294395788,0.09107199561033105,0.09787981255704882,0.08887909734419448,0.09073269737700501,0.07978796227025063,0.08844137461881728,0.09544835027167654,0.08759309535074461,0.08541028539289972,0.10201195187336705,0.1099770837080387,0.11335170192886235,0.10983408140105183,0.0,0.0,0.0,0.0,0.0,0.0,0.0,0.0,0.0,0.0,0.0
0.0,0.0,0.0,0.0,0.0,0.0,0.0,0.0,0.0,0.0,0.0,0.0,0.06738700201089415,0.0793694895667438,0.08612422119464566,0.09142666915050182,0.09874001120947135,0.10703188118294463,0.11291501825761152,0.1023696166268163,0.10499352696943923,0.10310855656807964,0.09555757600549883,0.09233082072140136,0.09263066406339507,0.09148053978645558,0.0924914459291892,0.09224813208896385,0.08624556919622237,0.10150497912438955,0.0986779279684418,0.10334485224617952,0.09469225574207993,0.09868048380301682,0.09787057428371264,0.10574776078738322,0.09979582335763329,0.09118874984228038,0.09181393637591444,0.08218907772492351,0.09069469733590524,0.097050828594893,0.09579192678781238,0.09432513798988941,0.09567247646498112,0.10155862874420457,0.11376664883523555,0.11131303811285059,0.11084102482754504,0.09726895415635492,0.09490984597803909,0.09491606126769624,0.1067585656897708,0.10662665613205072,0.09869725645695893,0.08543078165550025,0.08860642271824928,0.08113163538803862,0.08688378426381899,0.08229225237697489,0.0780178238016552,0.07498616937806729,0.09072793196671089,0.09281758537392197,0.09145381992255762,0.08551722566878191,0.09368134664053991,0.0891932321033296,0.0825940631922615,0.0996016778705903,0.0948451784987765,0.0,0.0,0.0,0.0,0.0,0.0,0.0,0.0,0.0,0.0,0.0
0.0,0.0,0.0,0.0,0.0,0.0,0.0,0.0,0.0,0.0,0.0,0.0,0.05934485335197671,0.07508157060179786,0.08322229629469668,0.08618820062048708,0.09527809191988681,0.09208184124655579,0.10996441785198811,0.10456956929467508,0.10137549109154155,0.10563303526448754,0.10293290336983339,0.09397332322201453,0.09491473613270852,0.09011200152766873,0.09218353376640911,0.08725196046936301,0.09812361273242046,0.09488918245393077,0.10237381036018645,0.09673101531566049,0.0964154207230026,0.09833623539263943,0.09172343372800541,0.10266132881108966,0.10361243370116685,0.09503318299710374,0.08600760422798692,0.08763114635546994,0.08717115137544865,0.09325741772477768,0.10108407241853469,0.09674608541376266,0.09954280297760605,0.107854696614397,0.11626599131071456,0.09911180769157364,0.0870421660427134,0.09499843745789237,0.08510092497236739,0.1001530105400103,0.10974132408915978,0.08936416454376496,0.08913463583860541,0.09037804884669154,0.0932694455537756,0.10201608657029664,0.09202872515991398,0.09065932436607459,0.08544914486396311,0.0911145682089217,0.08991778607323436,0.08473083004694766,0.09522836942837153,0.09755031589072319,0.09180519496084252,0.09921800312690979,0.09262286187172075,0.08646864253197764,0.08340618315051264,0.0,0.0,0.0,0.0,0.0,0.0,0.0,0.0,0.0,0.0,0.0
0.0,0.0,0.0,0.0,0.0,0.0,0.0,0.0,0.0,0.0,0.0,0.0,0.0725004524987367,0.07239736197380044,0.07533386110076895,0.08815414426711655,0.09018443128004783,0.09176301085764224,0.09611883675999727,0.10461600027386682,0.10199418477147337,0.09362463443100691,0.1037624702574032,0.09398034017230944,0.08985782836968527,0.08525532773590223,0.08469409758273026,0.09075655857645322,0.08876726655137779,0.08328266209541413,0.08684209726324206,0.09294063942299373,0.09836288968779694,0.09870037794925629,0.09404286541927351,0.09162058129539782,0.08868594649123593,0.091151683629327,0.09717811908355863,0.09925347962532384,0.10200733988208278,0.09809101336193228,0.08773211187244663,0.08666643997430115,0.09106166977564556,0.1068214929553807,0.10242657349717278,0.0968309324244554,0.10049356209352113,0.08589157093284544,0.0932150034937773,0.10276645277434765,0.09252234556173164,0.0911107232687962,0.0892048613589822,0.09876354134943287,0.09733394701860248,0.09138989163279025,0.0902687413469258,0.08624186848741064,0.08842166968611317,0.09213030893742279,0.09482689487166299,0.09511067666354067,0.09060106911701248,0.08821268263877868,0.07928666744819589,0.08709379243007845,0.10227274546145283,0.10824908384251644,0.11223343945518754,0.0,0.0,0.0,0.0,0.0,0.0,0.0,0.0,0.0,0.0,0.0
0.0,0.0,0.0,0.0,0.0,0.0,0.0,0.0,0.0,0.0,0.0,0.0,0.06310771999490933,0.0697974374504128,0.080665663407059,0.0854211079920573,0.0847170444593639,0.08903456010091632,0.09337244304773565,0.09448734510484061,0.09150738987372685,0.09444044492460119,0.09657688093871554,0.09614315900014646,0.10334570798114737,0.10007356048905176,0.09171396564105305,0.09404085699485454,0.09715131950032335,0.09838632077481818,0.10075957222521939,0.09617929861414518,0.0948602219251948,0.08919692286431626,0.0914926165868032,0.0934176728204868,0.09438850926007937,0.09093895091125272,0.09532840102111974,0.09588627102730934,0.09252307981294591,0.09320960281135081,0.10393484665119554,0.10019917678212212,0.09604993923851489,0.09284778062860949,0.08653980591220345,0.09018965537568124,0.09911127241233367,0.10239215779226633,0.10046114124831657,0.0969731485617377,0.09249900632615844,0.09500924966213223,0.10031798673956133,0.10203339880238503,0.1006581874349414,0.09323114036309221,0.09305580983530012,0.09188976483097007,0.09827929636559521,0.0940662294811638,0.10462295601223376,0.09750151332767962,0.09812084856155115,0.09812701370886832,0.10015926043514836,0.0947688946718113,0.09968402940433278,0.10580688287158646,0.10621104098239456,0.0,0.0,0.0,0.0,0.0,0.0,0.0,0.0,0.0,0.0,0.0
0.0,0.0,0.0,0.0,0.0,0.0,0.0,0.0,0.0,0.0,0.0,0.0,0.12235980745116493,0.09493346022967682,0.0819375094145846,0.08362314175898927,0.09386566834394375,0.10102440785306258,0.09538489834325349,0.09371766680583066,0.09637623548856422,0.09201521657234607,0.09200304014649632,0.09862470673016246,0.0906122900031951,0.09234209184062273,0.09303658272489863,0.09967921165983691,0.10067148305276868,0.10526254852713209,0.103722833773502,0.09661390898664808,0.09494183009203534,0.09097204491469917,0.09506092347795697,0.09732031894419223,0.10303428270148682,0.1009908724235184,0.0986576344875324,0.1021534715750351,0.110569272291879,0.1087011130157524,0.10123123193501503,0.1040999742510551,0.10076913749300753,0.09921468079924867,0.09736111520544695,0.10055497445263838,0.09755714963416635,0.10087237532924578,0.09429324586495437,0.08490027289999987,0.08936249090511623,0.08774583325566924,0.0985457043373292,0.10810959054086496,0.10314902674391667,0.09395755670806336,0.09660473194414507,0.09268142362617526,0.1000545709987923,0.09788187140897772,0.09533632909822053,0.09053792448481263,0.100280993623555,0.10610204013074129,0.09871562333669966,0.0956493417740157,0.09633436365153551,0.10308268484839626,0.11092023168915972,0.0,0.0,0.0,0.0,0.0,0.0,0.0,0.0,0.0,0.0,0.0
0.0,0.0,0.0,0.0,0.0,0.0,0.0,0.0,0.0,0.0,0.0,0.0,0.09654218612376142,0.09604632177038551,0.08516540042714486,0.08790577544845632,0.08067718601130475,0.08577389125502118,0.081965246687666,0.08649018754149748,0.09144988279367582,0.09611748883350672,0.09803885300020689,0.09555293885466722,0.09674294522354299,0.09279370661858262,0.09534356342127537,0.10153813092790413,0.10444249379083569,0.1072122251865935,0.10078603588764977,0.10861784201668125,0.09936358362286651,0.09558876591443294,0.0988004631038691,0.09947628132309257,0.10260278054991015,0.1010015461623151,0.10360921149683681,0.10438913142432002,0.10483689182916804,0.11078392036743889,0.12036182241313116,0.12284878751521748,0.10747648033367874,0.10560359393838945,0.10033646736578941,0.08479446255898401,0.0847199809461469,0.08197835201934965,0.08550058910005491,0.08771848234443697,0.09370275122158325,0.10021565159748175,0.10391496013036064,0.10413082304570023,0.09861261885961146,0.1008276019688843,0.09006864400406711,0.10048327192279596,0.08586563171954559,0.09151088913154316,0.09459556841123089,0.1052467335719735,0.09528451810403671,0.1026601445867996,0.09869050773443337,0.10211261845582915,0.1068277456122625,0.11323105225890401,0.12029921367674658,0.0,0.0,0.0,0.0,0.0,0.0,0.0,0.0,0.0,0.0,0.0
0.0,0.0,0.0,0.0,0.0,0.0,0.0,0.0,0.0,0.0,0.0,0.0,0.08055088318686827,0.08129728566658237,0.07655193669513453,0.09427849204191234,0.09880857236243414,0.10008477875479796,0.0954856175122993,0.09181098457067821,0.09401375914960731,0.08949645931756556,0.10026020434618545,0.10039822908540934,0.09097186137344769,0.09760685409739543,0.09588657188794314,0.09418351664095968,0.0996972131152328,0.09995984856165409,0.10614295338447213,0.10294642379306061,0.1044072098116777,0.10033020527654875,0.10344338279045356,0.09929959659792131,0.10549794986413215,0.10363259492051542,0.103842616275118,0.1019683306071745,0.10094237718221417,0.10368166020657905,0.10229707343486365,0.10060170859822916,0.10593835699491393,0.09851687159870914,0.09728595538128672,0.09929343311715164,0.0997291301586326,0.09460451146407704,0.0962376665577999,0.09604730548830741,0.08959015263848985,0.0978783817788378,0.10179438592122192,0.09124521034568037,0.10231103208413433,0.09342664892052992,0.09351641989266306,0.09069952337233883,0.09320329196732435,0.09575853937314176,0.08863379052007492,0.09161822381848386,0.09547645043172538,0.08901544822346681,0.09388501684742363,0.09913152940958729,0.11012428515725595,0.11054013060386855,0.1209902842302699,0.0,0.0,0.0,0.0,0.0,0.0,0.0,0.0,0.0,0.0,0.0
0.0,0.0,0.0,0.0,0.0,0.0,0.0,0.0,0.0,0.0,0.0,0.0,0.07338071444004025,0.07922709711448844,0.08528104112117303,0.08484224862523335,0.09798225444690666,0.10035930443041645,0.0919666276578652,0.09928291859676668,0.10453845724771108,0.09817902805734255,0.0968781566864762,0.0931288131557594,0.09437420407365445,0.09575565129500754,0.09824402141063389,0.09846789188797617,0.09788687103326955,0.10897531649197557,0.10536255488924681,0.10469699042988144,0.10303145705441412,0.1013677589397554,0.10399200785305251,0.10296785980443122,0.10693158543143157,0.10572227571584716,0.11550723484358104,0.10941547985414378,0.10329029524299858,0.1025743056297914,0.10036590605235139,0.09682191536604838,0.1002299925071432,0.1076370120173245,0.10080241420644025,0.0998969548674073,0.0991001280338784,0.09563384308220456,0.09104737862712557,0.09280714070201718,0.09535318425446303,0.09919056036662363,0.09535307794073472,0.10438450462831736,0.09479124988083583,0.09723086624061536,0.09655610516321637,0.08790857641826438,0.09209484878182411,0.09580515883648827,0.09291438778529389,0.09807117084644618,0.09247148624224588,0.09885258357984796,0.09813956861811214,0.10242371721324368,0.1033261126835245,0.1089330850793927,0.12326617046074761,0.0,0.0,0.0,0.0,0.0,0.0,0.0,0.0,0.0,0.0,0.0
0.0,0.0,0.0,0.0,0.0,0.0,0.0,0.0,0.0,0.0,0.0,0.0,0.0880468069065266,0.08537031191248748,0.09042737829122198,0.08880530017964296,0.08831905618612015,0.10937764631413031,0.10702164367629335,0.09928419645874818,0.11220480192959281,0.1103332048415209,0.10158952984244875,0.09681646997736,0.10011162690249599,0.09722044927523042,0.09507658605466207,0.10049547695397754,0.10495196683513165,0.10504416715527211,0.11251458744855902,0.10682751716677996,0.10349363749275539,0.1074823019350118,0.10861220440013786,0.1093072018077882,0.1094707222980631,0.10669806136090189,0.11558901681448798,0.110177493311019,0.10538316582930506,0.10629389265889803,0.1099050172633742,0.10599845879468758,0.09889380402041714,0.10102988430758006,0.1033781018003442,0.09508880651133907,0.09930133481995024,0.09632612696413069,0.09813681129662304,0.0922825160025344,0.09948994641384422,0.10222135497311421,0.09201469443766376,0.09734754343190387,0.0994919569049667,0.09667288125464951,0.09489118944332604,0.09573509417925288,0.09904147304593007,0.09987006325074568,0.09961057181190806,0.10346348818481524,0.10030884753700846,0.10043722096867794,0.1012677815521765,0.10033610020409944,0.10233092984466785,0.11445407586329363,0.133044906452333,0.0,0.0,0.0,0.0,0.0,0.0,0.0,0.0,0.0,0.0,0.0
0.0,0.0,0.0,0.0,0.0,0.0,0.0,0.0,0.0,0.0,0.0,0.0,0.08344462836108027,0.09137922294777315,0.08817645913072386,0.088460161758614,0.08532680676412396,0.09999081433299783,0.1122956212539547,0.10401448648001842,0.11238324074201088,0.12206395623523646,0.10443907968114699,0.09963171652263314,0.1023494527740151,0.09815098661889858,0.10209757857728945,0.10468205594646499,0.11645303046040943,0.11415878114259836,0.12122839418050162,0.11916729566747679,0.10938695579910399,0.11125693406460083,0.11096375391032452,0.11052116283034194,0.10042647366527337,0.11096418160191329,0.1101434068328969,0.10672321952235912,0.10144449250998679,0.10624131275321691,0.10554277572497946,0.10663079380341473,0.1047182890493392,0.10142118447498999,0.11002425923125905,0.10373394369681342,0.10567282500973593,0.09895944970218874,0.10076630555725682,0.0928904672094018,0.10452455108474851,0.10467077666969568,0.09785426301270356,0.10213349891202657,0.10517719899496154,0.10098214586259258,0.09288350693034167,0.09545588592637869,0.10428803679481032,0.10546970227688097,0.10822099077409969,0.11187193012710837,0.10240955278063064,0.09252673259690551,0.10255665377085317,0.09987075710603871,0.10939476522040613,0.11730875672341279,0.11756337264223952,0.0,0.0,0.0,0.0,0.0,0.0,0.0,0.0,0.0,0.0,0.0
0.0,0.0,0.0,0.0,0.0,0.0,0.0,0.0,0.0,0.0,0.0,0.0,0.0978600082499723,0.09223791780173782,0.08196151136054072,0.07965815765380424,0.08120225576898392,0.09068179470401344,0.11466119964365472,0.0996541641576848,0.11826525896973741,0.12845686911905135,0.10929867641514272,0.11307540143750816,0.10118860869907337,0.08893637755930606,0.09567197213185145,0.10353259116176335,0.11760306980586072,0.1099564264416431,0.11504529346337691,0.11751044775430886,0.11344070703429891,0.10929577126508468,0.1187604106201452,0.11016125066892446,0.10765016397983782,0.12122299936283407,0.11360644335288601,0.10468504630826665,0.10417341314438872,0.11324318753940157,0.11506123279115232,0.11850661668792885,0.10614149813205845,0.10256026070756104,0.11840455893679808,0.11813325266859924,0.12524423560029954,0.11321473123025452,0.10866931645547268,0.10369457333791215,0.11843763268638889,0.10568047416433328,0.10304731199650027,0.10545664589523905,0.11610672890821488,0.11237381669954488,0.09934735618210441,0.09733321177396727,0.10401843898293507,0.1085574603457625,0.10806446907466677,0.11529064225612376,0.10753045974279712,0.09050592810949318,0.11471572621711358,0.1116891952663951,0.10049980971078772,0.1070547027395298,0.1369214737325607,0.0,0.0,0.0,0.0,0.0,0.0,0.0,0.0,0.0,0.0,0.0
0.0,0.0,0.0,0.0,0.0,0.0,0.0,0.0,0.0,0.0,0.0,0.0,0.0,0.0,0.0,0.0,0.0,0.0,0.0,0.0,0.0,0.0,0.0,0.0,0.0,0.0,0.0,0.0,0.0,0.0,0.0,0.0,0.0,0.0,0.0,0.0,0.0,0.0,0.0,0.0,0.0,0.0,0.0,0.0,0.0,0.0,0.0,0.0,0.0,0.0,0.0,0.0,0.0,0.0,0.0,0.0,0.0,0.0,0.0,0.0,0.0,0.0,0.0,0.0,0.0,0.0,0.0,0.0,0.0,0.0,0.0,0.0,0.0,0.0,0.0,0.0,0.0,0.0,0.0,0.0,0.0,0.0
0.0,0.0,0.0,0.0,0.0,0.0,0.0,0.0,0.0,0.0,0.0,0.0,0.0,0.0,0.0,0.0,0.0,0.0,0.0,0.0,0.0,0.0,0.0,0.0,0.0,0.0,0.0,0.0,0.0,0.0,0.0,0.0,0.0,0.0,0.0,0.0,0.0,0.0,0.0,0.0,0.0,0.0,0.0,0.0,0.0,0.0,0.0,0.0,0.0,0.0,0.0,0.0,0.0,0.0,0.0,0.0,0.0,0.0,0.0,0.0,0.0,0.0,0.0,0.0,0.0,0.0,0.0,0.0,0.0,0.0,0.0,0.0,0.0,0.0,0.0,0.0,0.0,0.0,0.0,0.0,0.0,0.0
0.0,0.0,0.0,0.0,0.0,0.0,0.0,0.0,0.0,0.0,0.0,0.0,0.0,0.0,0.0,0.0,0.0,0.0,0.0,0.0,0.0,0.0,0.0,0.0,0.0,0.0,0.0,0.0,0.0,0.0,0.0,0.0,0.0,0.0,0.0,0.0,0.0,0.0,0.0,0.0,0.0,0.0,0.0,0.0,0.0,0.0,0.0,0.0,0.0,0.0,0.0,0.0,0.0,0.0,0.0,0.0,0.0,0.0,0.0,0.0,0.0,0.0,0.0,0.0,0.0,0.0,0.0,0.0,0.0,0.0,0.0,0.0,0.0,0.0,0.0,0.0,0.0,0.0,0.0,0.0,0.0,0.0
0.0,0.0,0.0,0.0,0.0,0.0,0.0,0.0,0.0,0.0,0.0,0.0,0.0,0.0,0.0,0.0,0.0,0.0,0.0,0.0,0.0,0.0,0.0,0.0,0.0,0.0,0.0,0.0,0.0,0.0,0.0,0.0,0.0,0.0,0.0,0.0,0.0,0.0,0.0,0.0,0.0,0.0,0.0,0.0,0.0,0.0,0.0,0.0,0.0,0.0,0.0,0.0,0.0,0.0,0.0,0.0,0.0,0.0,0.0,0.0,0.0,0.0,0.0,0.0,0.0,0.0,0.0,0.0,0.0,0.0,0.0,0.0,0.0,0.0,0.0,0.0,0.0,0.0,0.0,0.0,0.0,0.0
0.0,0.0,0.0,0.0,0.0,0.0,0.0,0.0,0.0,0.0,0.0,0.0,0.0,0.0,0.0,0.0,0.0,0.0,0.0,0.0,0.0,0.0,0.0,0.0,0.0,0.0,0.0,0.0,0.0,0.0,0.0,0.0,0.0,0.0,0.0,0.0,0.0,0.0,0.0,0.0,0.0,0.0,0.0,0.0,0.0,0.0,0.0,0.0,0.0,0.0,0.0,0.0,0.0,0.0,0.0,0.0,0.0,0.0,0.0,0.0,0.0,0.0,0.0,0.0,0.0,0.0,0.0,0.0,0.0,0.0,0.0,0.0,0.0,0.0,0.0,0.0,0.0,0.0,0.0,0.0,0.0,0.0
0.0,0.0,0.0,0.0,0.0,0.0,0.0,0.0,0.0,0.0,0.0,0.0,0.0,0.0,0.0,0.0,0.0,0.0,0.0,0.0,0.0,0.0,0.0,0.0,0.0,0.0,0.0,0.0,0.0,0.0,0.0,0.0,0.0,0.0,0.0,0.0,0.0,0.0,0.0,0.0,0.0,0.0,0.0,0.0,0.0,0.0,0.0,0.0,0.0,0.0,0.0,0.0,0.0,0.0,0.0,0.0,0.0,0.0,0.0,0.0,0.0,0.0,0.0,0.0,0.0,0.0,0.0,0.0,0.0,0.0,0.0,0.0,0.0,0.0,0.0,0.0,0.0,0.0,0.0,0.0,0.0,0.0
0.0,0.0,0.0,0.0,0.0,0.0,0.0,0.0,0.0,0.0,0.0,0.0,0.0,0.0,0.0,0.0,0.0,0.0,0.0,0.0,0.0,0.0,0.0,0.0,0.0,0.0,0.0,0.0,0.0,0.0,0.0,0.0,0.0,0.0,0.0,0.0,0.0,0.0,0.0,0.0,0.0,0.0,0.0,0.0,0.0,0.0,0.0,0.0,0.0,0.0,0.0,0.0,0.0,0.0,0.0,0.0,0.0,0.0,0.0,0.0,0.0,0.0,0.0,0.0,0.0,0.0,0.0,0.0,0.0,0.0,0.0,0.0,0.0,0.0,0.0,0.0,0.0,0.0,0.0,0.0,0.0,0.0
0.0,0.0,0.0,0.0,0.0,0.0,0.0,0.0,0.0,0.0,0.0,0.0,0.0,0.0,0.0,0.0,0.0,0.0,0.0,0.0,0.0,0.0,0.0,0.0,0.0,0.0,0.0,0.0,0.0,0.0,0.0,0.0,0.0,0.0,0.0,0.0,0.0,0.0,0.0,0.0,0.0,0.0,0.0,0.0,0.0,0.0,0.0,0.0,0.0,0.0,0.0,0.0,0.0,0.0,0.0,0.0,0.0,0.0,0.0,0.0,0.0,0.0,0.0,0.0,0.0,0.0,0.0,0.0,0.0,0.0,0.0,0.0,0.0,0.0,0.0,0.0,0.0,0.0,0.0,0.0,0.0,0.0
